"student_id","credits"
fc8d7fa9-4736-4008-866b-e48de6fca66b,4
04f98365-bd35-4752-a47d-945601c7546b,0
b3e36ff8-a288-4562-b124-895030910a93,0
52fe8511-1b3e-48d2-bf1c-df5b6f733b30,0
26589bc6-ec87-4b23-916e-606e5da913d7,4
50812d82-5a20-4031-88b6-e33092ba0785,4
bf472f05-21bc-4bce-b53d-ffdddd0ba129,0
76766f0e-5c06-46bb-9ad5-a8008edf6a7d,8
b97bf61d-7251-495d-92b2-89acf12d56f1,36
572dc580-fcb9-4ad0-8fe9-7eea9f85769f,237
78521e7a-db79-472e-982e-12d07c1017f0,0
247ae5ed-d0d6-4bf4-b906-534c300ad113,21
c581d789-031c-4b28-a7c1-5f42a7d8cb18,4
dc1ea530-5f70-49ba-b8e0-94c0cbf57644,0
da2141d1-5069-4508-a37e-a0a71f2bcb18,8
d2ccc8f0-b13d-4b1a-9f3f-5321c25abce0,4
cace3be9-f12e-4647-99ef-c36406f96e12,0
a4fc4fc2-45fd-445a-96fd-6f230d5ccc4c,0
811b31a5-b0ab-4663-9e77-7bbd697aba20,0
4440e77f-a12b-49e4-9959-548a052807ee,35
2654f84e-8a6d-4a3d-a82d-b79d6fc814c5,0
92e91c17-b991-44c8-9cbd-f5cdfbaaa071,0
47fbd249-68f9-4f12-bc33-96542188dbbc,0
cf5d6b7a-95bd-4edc-b0bd-b605fc38f35d,4
21ad608c-f4f7-4fe9-8a92-1b6957c992a7,18
43d8e57f-5dd0-415b-9a07-f235eca887f2,8
2485cbe0-a236-4378-873a-b92449c9af45,35
c36ea6ac-26cd-4e2d-b216-57a38dd008e0,50
884a8542-f1e3-468c-868c-673f9b26a05c,0
4f3a94b9-009e-4583-921a-3c09e957c98a,4
888caaca-eb63-4d23-bafd-e99c02bff242,0
efa9a8f7-5756-473a-a02c-6dfa05dbd1db,0
193da7c7-641d-4873-a3c3-e568e7f87c43,0
8f60b91f-2929-402d-b9f7-b4c9c7e7688f,4
2a703ca5-916b-4aa8-86db-63f8886d711b,0
c21aee8a-5c12-4848-9a64-621cb229acb4,8
e57e2b74-f41f-4b9a-9b0c-2bb4dc37ca1e,0
550145c7-4899-484a-af70-da3aec81cab4,0
9235f81e-2abe-43df-b8cc-53711cc8ff95,0
af98adef-f0c0-47b2-a3af-2a6c7774f25f,0
f5cd422f-a4f8-45bc-ac02-6bde78f4aa5c,4
b5d2cbc8-06ce-4ef5-a0e8-d02e88504f86,4
5c6264cc-4ef8-4c2b-991d-960ac96f314a,71
809d6985-f89e-4a20-9ed3-c4bb6ebf46c1,0
f33bd91a-88bd-4bd5-bc80-c12ae9ec561b,4
7597fc6e-f52a-4028-9931-3e1f15831309,9
3e4b3174-c0e5-4d26-a8d1-55ba47b19674,0
db7a62e1-b319-4c7d-b892-9264baea70f2,0
dcb43455-b12f-4762-94c6-4ee402413e63,0
45bdb879-d417-4fc5-9b99-123123571216,4
3aa1c273-4ecd-4249-aa70-1f2cc192d923,0
d9c0f6d4-631b-4fa9-9b8f-65067055795b,4
a44b64ed-4f10-4cd9-b37b-6976d5e32058,0
08909fcb-dadd-4975-b984-15d9f19e5dc6,0
ea63d0d9-1459-4c6a-9221-d662974413e8,4
b40d2b20-bd88-4e5c-855d-afb34542cd25,8
6f3d0cb2-25ff-46ef-8b94-6480207b0dbb,4
95898b29-2d59-47e1-8e88-14cece260807,0
9409994f-deb9-45a8-84e3-0f152894fa2f,30
a8cdfac5-c8fd-4f57-99ed-1591919e76b8,8
e15d8674-da9c-4ae0-ae1e-7fa62cf05a7d,8
e883b1bf-bf1b-4f68-b512-2b1efe87d3bf,0
01af5343-5593-46b9-b86a-7606df2578d8,0
f5b8abe2-d975-4cfc-bf2f-97f2e7fb1bf6,34
e356ca97-d7b6-415e-92bf-0e37c8d588bb,0
d7afa6cf-98b1-4070-9ee3-ac65ba0fe999,4
63de3b9f-d6a7-4ab5-887f-2f115da8e6e2,0
8b2d8089-5f3f-4cde-a29b-cc1a70f791b0,248
4c60ae06-9f93-4b4a-bc36-bb5668dbf7ca,8
7d7f49a4-dc74-42e8-b43c-0eef9365cd9a,73
82432eef-d896-4427-adbf-0d14f1c9d17d,73
71fd59b9-3c81-413c-a25f-0bf2f59f06e0,48
8ea0bba0-b84c-40ea-9c47-6945d911d2e4,55
4d3da95d-3d54-42fd-90f2-7f7d462d724c,0
bf434b28-609d-477b-a07a-7184802f8f06,0
30465ad3-dbe4-4cbe-93c5-83432e426727,0
cd5aa1c6-b65e-4b41-88fa-33d8a30c947e,4
899d4496-88ec-49ae-a4ed-e89f886e5b0a,0
5b80b2a1-fadb-4022-9cd9-5a6384d8fa86,4
eabfd76d-729c-44aa-9e37-4722e73f5400,96
12e62698-b007-4f7a-89a7-f2f00669d30e,0
b778f455-3e9a-4950-b9c4-7930c4799b84,306
8f562e25-52c0-4513-bbd0-50cc43aa5821,0
66037a74-1796-445b-bae1-d0e5e68f49fc,0
e80b52cf-679c-4e49-9946-da5cba14fac4,73
2516e8e5-9b95-4748-aca4-16a5a4f4f8c8,0
cdf9223e-6e16-44ea-b4d5-806573ec3a5d,4
149c225a-b787-427a-9e91-ad6f6f2da7db,8
9f8c33b8-15ac-4972-930e-3a969b486bf2,4
7f6de158-68f0-44dd-ab1b-d5b2b5997447,0
d2f09551-067d-4377-8e3e-0b66c48cdd84,4
b21d870b-3e44-48ee-926c-8e520f80cf64,4
192e102b-09c9-41b1-a304-7281ed839db2,27
e642d074-0924-4151-b257-28e11589aeb1,79
b45588e7-7de6-43e3-bdf1-95b7dd91b801,4
5df650d4-ad2a-4a51-b379-2bee99787925,363
7767f9b9-234d-45e8-993f-817a892c7946,4
240adacc-d1ce-4c9c-8855-6fd4007558aa,8
6627dd71-3032-425a-9251-69809b0c47ae,37
74938618-70e4-4d0e-ad7f-0fcd45361adc,8
0ea686da-20bb-443d-9db9-cdf95a332ec7,21
f32ac8ec-c073-4d0c-a608-ddd4ae403e87,4
f680d42c-34db-4874-9799-470f1a610ec3,4
da3732be-3337-40d9-bc10-5ab652feb1ca,73
8054eab1-b759-4eb7-ba17-ce25854dd011,0
8eee8469-33dd-4e35-9491-5b1f6749d591,73
48ec52bf-665d-4882-bb35-e386d8d5b37e,73
ab5b0eac-42c9-43c2-b9d2-907c0963280a,65
b3eecb1e-cf7f-448e-9c2b-63ec05aecbee,73
cc844cde-cef8-4dd0-8010-7ce44a62c5ff,8
8090a5eb-c8bf-4151-93a8-6bd099bab5e0,8
b69a594d-2f8f-4966-b933-f85cf2d3d2f8,0
2a89310c-08d3-4f80-a2c7-5b964568579d,17
6e4f8613-e301-4f45-8006-4d3315511b9f,17
ad73a1a5-7c1e-4912-90bb-58df6b72e14b,4
5919eed0-7269-4317-9a3d-657244ca93bc,0
ffb1b907-d304-4f1a-8609-29d8077481f1,0
e649d4cd-39c7-4615-8292-1a69ed4c89d5,73
03d563ff-c448-4604-9e8f-6aadb6101a09,73
eab12e81-03a4-410a-a7c1-3a262e1de6a4,103
46fc6ac9-50aa-48ec-bef5-ed56587512b7,30
7e9e4162-1f71-480d-ae00-3aea27ceafe3,0
07a98cb7-ffb4-4027-a151-5e4b7983385e,73
b291f543-20df-4756-bab2-6cd5f1bfa96e,48
a8851357-80c9-4ce0-8248-fa9c617c7a62,0
3095c6d6-0919-4e60-9352-a26850b026d0,96
a1d9d40c-be88-46ae-818c-8babc250f165,64
d1db1ec6-867c-4c08-a3d1-3f6e842f3153,8
5975d34f-b187-47e0-bb89-d1981d8a8674,46
9c93ccbf-6060-48fa-a321-96ad67c785c8,177
815a4f40-9fb5-4657-987f-10ec1d98cc46,0
cb988971-c892-4493-a389-84f6d179bfb5,73
5273ea8b-c062-4a68-b34e-6e96e4419269,0
ecc9c028-b00c-4306-a83f-4c52964ffeba,143
735d75c0-b76b-4f24-8fbb-af82df8045ea,4
96fa689a-3f7b-4f74-9ae8-05a448f5a57a,73
95f36771-2c5a-4a42-b98c-9d3a22e968de,4
f50ca71b-4f46-4567-b7c6-1b4afc1e47a0,76
24e9ff71-3a69-439a-8948-9c445dc45c61,24
9c2499cf-4aaa-49db-a665-64dcfbb6018b,4
62d10429-e726-4387-83ce-a9ec967a50f3,0
fae215f5-da52-4b49-a20e-3bef36d2fc6c,71
bf253936-77ef-46b8-aa13-119bfc039496,0
be617fb5-0ccb-43b1-b7de-144e4d92fb3c,71
36845650-3496-41da-be07-5451350141c3,45
abcc6143-8f8d-453b-8e7f-72bfde320481,80
55c24397-17fa-4677-a662-6e5d68442e3e,141
353718db-4c36-4912-af7a-ae623dad212d,549
dff57d5c-5184-4d9f-9170-3500be9849a3,80
a9039ba1-a859-425c-a9f0-7024498db200,8
e477d33d-62c7-4e35-99b2-cceef6fdfebf,0
1341250e-bd44-4590-861f-8bf1c0cd3ea1,0
8e64e981-af65-4f4b-bf7c-7e12d85a1f62,12
effef25c-ebdd-4b96-9934-c1727c1921b2,0
9dd5bcd8-79dc-4ce6-8693-a20843530971,0
4f6136eb-e04f-48a6-b647-7d5f30569231,4
9fd902e7-bc6b-44f1-8133-e997d705b36d,0
c370343e-83f3-4634-a866-d1cef5d199be,0
3e2787b0-7cef-4c5b-9167-cb375807d7c5,0
51d437e9-6647-4119-9f28-ec7915dd8e17,0
c2b02412-0866-44ce-9e19-e887c7cba666,8
ddac76db-aa37-4748-8e38-baf4fb4c729c,4
a848a417-e810-4fc0-ab24-1e64fdb6a649,4
60be9108-07f3-4e1a-8e66-72e6afc3fc55,8
a0445532-73d8-42a1-af69-801424284488,141
b961927a-96c5-446a-9875-febd4500b4ae,0
dc14e6d5-ee27-44fe-b71b-febec161bedd,0
a04d6bff-54b8-4099-8922-bf38cc36afe8,8
71f71d1a-8791-440d-aa1d-b7fd0de99f70,4
85e0dea3-9868-45ab-989f-665fb54539e3,0
48b39a0b-c4ee-4bf8-9983-e745bc3aa4e6,4
9ce15ce3-b347-4344-b696-7b4d4d8db31a,71
c015f83f-1317-4227-8f0c-ebcfc07dd73c,8
7bf46cb7-ea7a-45ad-b88f-b88cd618ea80,0
ece6c644-822e-42eb-a832-d714cb27d47e,139
d5cb79c5-da9d-4f84-be3b-4d0b89fe3966,0
f30fa168-cf32-4159-a8dd-b7e4c967e785,39
a8e20567-4e6d-4164-8ed1-68396b37585c,0
a3a56aea-444f-4870-9114-a9a1067911cb,0
b27b828d-168e-47ea-ab4a-826dd95293be,0
5ab14614-64f1-4bff-a340-125a8031e75d,178
0f30a44f-f70a-4804-9a93-8660ba5a3d5a,0
f9e27134-c3ab-4897-9fd1-d87ed32cd1c1,0
fb5f5ce7-b8b2-49e0-bc92-2b32c9685d1a,12
122e2c4f-1c0e-4e42-be35-ed1aab52662c,0
c61a63b3-7594-4475-b495-542dce1ed604,0
91027e00-35b2-4995-9679-c85f0322fa59,100
61bf9a53-7ac4-4966-b6e0-21f50a46e6a8,143
480c1730-5332-403c-9b5c-01d28aaf9c24,0
9c5c000d-447b-4d50-8afe-694a4d8973b2,0
af0f2844-b4ae-49da-b0e2-2e8ef17edc35,4
2e842f41-a84b-4f58-88ea-5b50a1ed8115,12
0c8dedcd-df2c-4215-a097-6119d0f31fbf,0
600faf2f-c9f9-4b00-9b73-db7df3cb47a2,39
36d7e8d9-4feb-483c-bd24-9357f4d32584,0
ba5f4a1b-41ff-47ff-9336-8d8095f820c9,0
50f8141c-f31b-4fe5-8f3e-d3e58020e2a2,0
a9bfe578-a378-4ad2-9e14-bf63c654cfd6,8
e63a904d-c075-498c-8cb0-e648d4c22b77,4
daf40661-d28c-46b6-bb05-79d6309900cc,0
f7d179fe-bb0f-487e-96d3-71b14198739b,0
e6878b20-7893-4ed7-bdf7-f08a505d414b,0
9a034b27-c820-4948-a131-2e16d44fda14,4
06bafddc-d7e1-464d-8558-3ebd4b3f8c38,4
435f1a65-6f5f-4904-8d48-4a50af85e3a1,16
389a3b83-95ce-4866-bf4a-db8c8d82379c,136
a0214e93-afd8-46ae-a043-7b04b71fb499,0
75b660a6-4188-4650-84bb-ffdd86188ddd,0
df3941db-4b4e-4f45-89ec-6f46c5934e26,0
acfaab28-6cee-4ec4-8cd8-f6680f101544,4
8642cb54-d81d-4e85-b6bb-59e89578c0d1,0
7571f1b9-1ad8-48da-a084-3fdbc46146ad,8
3c948457-6659-457b-8575-3f42f2196187,4
e02b2f29-74f9-4bf4-8225-5dfdd0c25dc7,0
a51bdff5-07c2-4e97-900e-6d2b6d943a4c,21
48eb78a8-04b4-4e3a-a0f0-5a6e19a71631,0
15173ba2-5fe2-47f6-8d3f-05209e0f4c64,0
17b726d5-0a47-4cd0-88d7-ee3f0766d54d,0
7a1b3ff5-1071-471a-9f5a-e495e5349090,4
fdc1ef47-f474-4166-b74f-bc487646ead5,0
70f4f87f-16f5-4298-a774-e2011008b242,0
8498e86a-df74-4335-a2fc-070505f7c2a7,0
27eb583e-ce07-4b8f-8cd1-32dd5ea80206,4
17f89a24-d39e-4bc9-80a4-05ea29071012,0
4a3799e1-86de-4d93-abe5-130d610b8d8b,0
491ee87b-e071-4224-8e08-456ff012e05f,0
f2c88fa8-d74a-4b8c-9b56-e994fcefb02a,63
961b56af-6d0f-4ef0-bdcb-8cb0b2ffbb95,51
67582c5f-e0db-4ddb-982b-57aa0087e5ab,127
f0cf99bc-2b14-437b-acb8-1e42e340436d,170
c5d96697-470b-4330-94d0-8d79167f6a5d,142
fe4d2815-5b70-4575-b344-8bc6513cf23b,151
5ccee3fc-d60b-4d19-965a-40a54d8cfa97,0
de923660-7b73-4fa9-bea7-d1e016fc0df6,26
d5dac835-5693-401f-b9d0-0df6ee2015b1,151
087f96d9-0cc9-496a-8503-39729d331811,134
eae03f3e-963b-45fe-8ae2-3ede584da4c1,0
f3b133ab-87ac-433c-a6bd-b3aebdf272bd,139
d509bc53-7420-4316-b31f-0201955ab903,0
4761e164-81b6-4ac1-8549-e33a8bbda1e1,0
820da77b-730d-4ff2-81b4-3adb0d4e6001,0
4bd40359-eed9-4a77-8029-abec90f94f27,0
28f88617-b565-4bbc-a1d0-fd95133f30d5,0
c3d443fc-c1e8-4f4f-a419-dbd023cebdb9,8
10c72103-a0ff-406c-a47c-6034870e49b3,250
578b6619-d33f-4b3c-8317-32e6718f33b7,4
227ad31b-cee2-4f03-8a09-ecadccde3e3b,12
c77fad11-0091-45c9-92da-5c40c869ddca,17
8af52b77-3a2a-4217-a052-7b1dae750729,0
671ad4fe-17ab-46bf-8a1c-2491b4a26978,26
d4ce3763-e8df-407d-b898-3b5cd0c6aff0,30
ff9ab46e-4011-4746-a0a1-433e991be4b0,17
a0849c74-c578-4215-bdc4-5871d3044b2f,0
32bc281e-ee46-41fa-b221-66064d68df08,0
2b9459aa-6d71-4924-ba38-1a874a53e676,4
034317f2-c628-4871-9d45-ff9afdb001be,4
9fb09a5d-91f8-4a49-bb85-abf7dcf1fbee,71
c4be100a-2d73-4d29-a358-ba9e616edf90,142
8887cde6-e676-4e74-a87d-f472332667c7,55
416837f4-89da-4f14-9c63-c331d4b88375,0
876b642f-96d7-49a4-8cdb-127c48a432e9,73
2ea44f0a-bbc2-4ca5-8378-c949c1e01b4d,83
6aa4c872-8304-44eb-9cfd-8259985b96a1,12
1b07fb0f-089e-4b75-886f-0717dad1d999,80
f637624f-66f5-4895-a37e-82dc8c65be65,144
7ebee0c7-a201-4ebb-9354-2c5fd3920aca,74
439abfca-3912-4f36-aa40-f7359fb7972e,8
e7f63e23-fc56-4eaf-9d3c-8f60dcada2d9,86
622f64d1-bbf9-4907-b75e-8a7a148f7e35,17
09a28d4c-7454-442f-96ce-fa70f35b9c66,65
1d8223b0-604a-4aa6-af7a-370158e68018,51
a9cabeb3-9a3a-4d50-819e-258ea9b8a620,79
c927c549-87f7-4ad9-b81c-bfdbacd5f100,8
87b83886-316f-4fea-ad8a-6050ad8aab15,47
84a10af8-ec50-4e3f-9f8b-8a1b9061e35f,48
cf285689-9bb0-40e2-9719-76876d068ef5,52
f4db2d14-da6f-4ea8-aa08-b0f5cc3a262f,91
fe196bbe-4faa-4f5f-a839-b5e7982b68e4,30
138ab597-5956-4a82-90b3-b05e181ce693,64
a75529f0-f50d-44b7-ae70-b13eee52a0d0,8
40c8b3cd-e25c-4222-b7db-97fd632ea056,21
bd8c943e-c64f-44c8-a17d-835b987dd702,80
f00ec752-d2bf-449f-9b18-5b5128260165,39
9891ff5f-6ae8-48ff-af89-a6457227e220,0
23bf0f02-36c6-4f0d-9e7f-41285b107214,73
4759e000-6f25-4fdf-b1dd-e1f0a6dd756a,0
e265c29b-4303-476f-8d86-14cf34fe50ff,0
b019405d-3126-4f21-bd03-34fc94db76d7,0
59b61227-a9f3-4289-88a1-ee877b477076,0
b5a1e78d-7bd1-4e97-8037-bfdafc027fc1,0
dd35fd9c-c10b-4e78-acf1-c643c45aa3a7,0
b1c02d3e-168f-4476-9cce-4bf3d8a0bb73,0
079b02af-8a82-4884-9a41-7ab19348817a,0
fd6e1226-55bc-47c6-a3db-f7ad517a1c5b,52
da53f106-488f-4aeb-be6c-6db2d6f81371,0
19562194-f5e9-44f1-8c5b-3fa468bfff08,0
2c3328ef-211d-4c02-8c80-a3c5daef3e90,21
ab571594-a8f7-4854-a07d-be49fecbfecb,0
cfefdc34-6f2d-4c02-90e2-7353c62c560d,4
a90c98bf-4628-4651-b4a7-b5eeeb93cce6,0
b3f8a4de-a41a-406a-a9d2-ffcb77b91d11,4
607f9f01-981e-4a90-b103-183b0dda90f9,0
aa0dcb33-c825-454e-b732-9881e2870f00,0
085f04e3-893a-4cd6-9f99-41120404ba76,176
18ee2043-9fd0-4298-9015-e4359782146c,8
dfa69b53-1d9b-4044-abcf-6c1334f21180,0
c6145cc2-fb86-4686-840d-9e23425942b2,0
db8aeb6e-2576-437c-ad96-5d8104a1a700,0
5216b696-d35e-46dd-b22b-7533b36ef238,0
e76e808c-c33e-4fc2-9c4e-dc42ec3a3194,8
79eb82e4-d414-4be8-944b-5f7bc43b6a95,21
30c14011-a0d7-471b-8a2c-ef3b41768607,51
2feed4c4-96ea-43c9-b82a-7cf712be4e53,4
775b8a63-6133-4a60-ad52-f3ce71946e28,12
cec56617-edb9-4778-b274-a772306f57a2,25
e2d63559-c019-4e3c-b224-fb6bec283310,141
414ed8e9-617b-4e23-945a-4e486c4ffb06,21
40087c5e-007f-4d9d-85bd-7b6026509930,25
9c231121-a34b-48a3-be3f-8a3e2ed20dee,8
56ee1cc8-187a-4e06-a585-b722f9645e12,4
45282342-b3f7-42e4-9741-f762bbe1ab49,37
abd5ec79-c3d1-4cb6-b5ca-4b3b313b2c9e,4
7cd7a754-f989-400a-90fd-06f5f74f56c2,8
0ed64c43-c71a-4bea-92c1-7821484583b9,17
9ba198d1-b324-4368-8310-a9c5accebee1,34
f1167b3a-a466-41c3-864b-417c1e4e344a,21
0e9ee757-f95d-4e40-9298-5caa8141a1e3,46
84ba5360-0237-49b4-9076-6da6ff4c7c7d,8
df7380b5-60a5-4514-a14c-7fb23dd19b53,55
58c93204-2784-48c3-b1fb-4cae9632204c,59
d543b318-9707-4876-9ed3-8607a12acde7,4
7478b3e5-e11a-4e0d-8f6c-caad6a2d1693,0
44dd1662-3bba-4316-8ae9-40365574640a,0
5d7deded-965b-40d7-9262-fa9664934fb3,0
602be9b1-ab7f-43fc-95e0-81c2d5a6b2ab,0
f1cd2dbd-afbc-4949-b448-1d416eed500f,0
a2d1a1ab-8ffe-4b6c-84a4-cba75f1d9a32,17
73b7333b-196f-4eea-a6d7-b01e4a2c4c35,4
a6e0fc17-963f-4748-9f79-f8e47efdcd4b,0
452b6dc1-489e-470e-b97f-e9234479297f,12
d3c432cf-ac17-471e-86b2-84e126eeac77,16
552a5eca-9f24-4810-972a-36f1b052677c,30
494ea48d-fc22-4f3f-a5ef-676c9db1cf10,17
003f3f70-17e3-4129-9f00-79e21942d06d,8
07bb6ca5-cc2f-425e-a0e8-f2f0e0d46ffe,8
4f0c088c-a010-4473-86cf-fa552abb933c,0
3a58af2b-ea02-4cd8-b8cb-77d7ad4dfc46,142
bf86b9ba-a527-4cb8-a41f-763c04a8ba15,8
4df7a989-a4fb-4a1c-a8d0-a14a447db70f,0
a5041955-947b-4f8c-ba8a-dc120970dc49,38
4680a27a-8aa4-4f00-b66c-7d60e21b2c1a,4
dc7934d7-c32a-475d-b673-d18a8fb3e306,0
12b42aec-02f5-4f61-ae2b-471c161c6220,55
43a3b797-81c3-44c4-b9c7-16622ecab419,4
1b8b95a8-c8a3-4502-885c-7674553a0901,8
bb358830-2f8e-4d75-bc5d-4fbf8bce4642,0
994ead36-6f64-4af0-8fa4-2e2a5460f6f9,0
86bd3733-aade-4bdf-b987-ac4237708f29,0
0fe5cfec-6f0b-433e-bf6a-9a6da9257a16,0
dc373a25-c6c0-4eee-b2aa-c91701efcec6,4
1b1040f8-85c1-4cf5-9fdc-ed48182e5d79,0
a204d556-3b95-43b5-8ef1-ece6e7b3f344,151
76db8e69-e719-4e8d-b0b7-723ac69d94f8,8
13d24fb8-953f-41cd-85d2-13f2bbb0181e,0
a9c98d0c-82cb-41e8-b169-fe799b29ad74,0
d120a2ca-e510-467b-85b1-2449576b0a67,84
be617798-6a98-42d5-8239-bad65bd9c40d,73
1b122de1-ceb9-4f51-a59d-0e73c00bbd5b,25
6d0313be-3492-489e-a915-2452662f229e,88
ea77fd9c-fc44-4f07-b5c5-7fba71fe52b8,8
3f7af443-f80f-45ee-96ed-cc89a47061ec,21
ffcaa339-e213-40c1-8a1d-4aa1747c44fb,8
6e063ec8-309c-48a8-a74e-cddb986c747e,39
68cd4d73-cc73-47b8-b5a7-cc6fabe26330,290
b326214a-255d-4131-9001-f3d808b1d5a2,0
f4a2431a-4568-4365-a681-90795e87012d,4
c1ed2844-219f-4b12-969f-34d9a8b8ccc5,30
c70a59c4-c69c-47d0-927d-c3e999aca7b2,0
d0e1a432-3eee-477a-9134-d3c0a15ede24,0
82408067-b128-40c9-88ae-39122c8abe4b,8
3dec5f00-466b-448b-ac37-21c2988a65c2,0
64a2af82-0d17-48f4-ba1f-99f0a85aa4ac,0
aced20bb-77d6-4ce3-9405-e92cadabdff1,222
d6ec5138-2f20-495a-a3f1-4a205aa9e742,39
3cdc57fa-6a40-4a38-9eda-b1d77b999f7e,126
c87a01c1-d69b-4f22-840e-ab1bb4b82c9c,55
5d12bf90-fac7-4aa7-bf7e-b8e1d33d52b1,4
b664e0a0-5f74-474f-87fc-5be4662562d5,0
4ba30107-1631-414c-8b6a-fbc7488df422,51
8721ca55-338d-4fc7-a3e6-7207297eef08,72
d1a2778d-d148-49fe-a8f1-2fa8d9384480,0
40ee3332-c586-4e8d-b270-eca0fd09cf81,30
c5537518-1196-4a5f-9ea3-e3a31d51e264,0
f27e36f6-e8a5-4432-94a8-737b735edb50,8
fa690f43-6d0d-44fd-8488-e791956a4153,0
13371890-9717-47c3-a58c-2dbf50a49e41,0
31c443ad-d737-4080-ac32-99da8e002fbd,4
918c5599-2a4f-4835-8330-31fa96cafd45,17
d1b0b64c-c9a2-48c9-ad27-8661f7cb2095,39
35268c01-e8d5-4d05-825b-63c3b5c92466,80
fb05db1e-0577-411a-af37-9c880e53252d,43
9720eeed-51df-4934-9885-3dcfdf96a30a,37
15e72ecc-5cf4-4295-87c0-46f5acefa571,77
4046636d-dde0-42ee-9974-eb78b8795639,0
6cc2419f-ce74-40f1-8d13-31aa7c5a0525,8
d9ed8145-a07d-46d8-a49a-88c6259aedba,39
4d8e8ccb-37b5-435f-bf67-79b8b7569a14,51
89af4f45-026a-4fae-89af-b271d7bdcac3,55
bb778e16-7bfe-481a-8a59-bbd4364f072c,74
e5c4fe85-2d6f-4b8e-a141-1c0a1b9b095a,80
3e6ea32d-9e70-4041-b7c8-a0e0668aca09,34
04a70950-e71d-4157-8c18-35e1ef00d008,50
4f092ae3-40ac-45c8-8b7f-d9b38e13531f,4
22b92c08-9ade-4f08-9db7-3c33775bb818,47
6e9185e0-0d68-456e-8f2f-0e4b0765ec1b,39
cc2b6e24-0554-459e-8051-5560d3dd752c,39
ad71b225-fd87-4433-8ac2-eadfa7a5c038,8
f136ad69-09df-4934-bb7c-32994e3e52da,73
085f479d-059d-4bf9-9291-f44ab53bd396,35
365a45a2-9d13-4fb0-a686-407369b0767a,74
fb214aa4-4e58-448b-8734-766093b3dc38,0
1e5914c4-7964-4e58-8460-064704dad928,4
a2504362-36cd-45b6-ba1f-2f1b77a66bd8,71
94dcf33d-3418-4754-9c56-17c41ee03717,71
bbb27fb3-6931-4ecd-a506-c478011223a9,4
1122f9e2-a0b3-4ca9-816c-fef0ce5aa609,39
627925a8-dc3a-444d-af7e-a4f839bdc34a,40
b266c98f-a9fa-41aa-81cf-f14a8f20d236,51
58f0e084-a6b1-4a6d-98a4-d59287b97fca,4
8a749dd4-0aaf-45ff-b485-d72b6bb4a505,43
c22de7e3-66e9-48ff-9c49-276fb8da6358,0
0f76585c-b103-4915-86b6-2ec2c14fb925,80
95d7a699-0c56-4cc5-b96b-3e468dcf5dab,50
9616ae25-40b1-4912-aa07-f3f8cae93855,21
ecb77683-1de3-419f-bf49-07cd23fc621b,138
ffaae081-e208-42ae-8fd8-44cc8d9885af,151
325daccd-52f9-4816-afa4-2bbae8cb84eb,48
46328ff7-5a80-464c-9888-f6c4bca889a9,71
1c82377c-4d84-4de9-946f-a9cb76b1cd69,142
2cfdd685-0dcb-4b91-a4ee-8609859686c3,83
c10f0d08-b7f2-4116-ac26-8755a2f9764d,73
2d84e071-0f84-4bbf-b68b-1783462cb837,50
55b99749-3307-4be9-8f8a-c6e1e6f32937,141
9ec76c15-4b6e-4e1b-96b6-009ce8bc20dc,88
463b9ae4-1b98-4bc9-adad-54f6dfdd63af,102
461d9d04-48f0-4535-89b8-a1f6b5e3dc9a,92
2d34ab55-7290-4c8d-a589-b1cee9f634dc,4
0a4ec98b-f3e7-4456-bb54-811db9116119,8
6e4cc72a-0331-444d-ba08-84d76fe747d2,12
7a62dd0c-f8a3-499b-8a15-2b79b0fa10ce,210
a1589c91-b7ca-4ab4-bdcf-9e9826b31485,0
cd9d2166-d059-45e2-b38c-8a55f039507e,0
209e822e-9245-4c80-9b1f-99a183d3c132,152
dd1842fb-924e-4423-8175-b6351f61d35b,73
87ce4fdc-e640-47cb-9ff6-a6cd880fd164,138
d2831c7f-0b39-4954-9ac1-d40e7d12b8b4,247
e5936aee-d47e-43a5-8b7e-03b5ee823283,0
f4643e01-f3f2-4f46-85c3-6714230cadc3,60
e90aca22-96f9-4264-9d40-506f37cff377,0
436720aa-448f-4ba6-8db0-185226804aa3,4
a08bca99-ad1a-472c-8d1d-03713fdef1da,151
7830a367-4dc2-42d3-9dd9-f2d31cbf16c0,0
d6e81dce-bfe9-40f5-9a4d-2b768efc6d09,112
9e2af3e1-93ae-4428-88ce-0a50909066f8,71
8badaf5e-1cc7-4baf-9599-c788c9ed8e94,0
f5cd0729-f23d-4d66-b92f-a950c7ce4188,71
e3bed29c-e922-4e39-bf88-83d2bb8eada9,34
9b192a63-4ed6-4019-89c7-bddaf2e06180,0
ba6e8055-577a-4794-bfed-b6ded1649abd,71
9facfd14-1f67-40ec-afe1-dca63cc1ea0c,0
2be0cba4-da01-4a64-aa99-976ec3c8a2bd,73
35ced2e2-0922-4e08-8e6e-a23ded4de076,108
2e797a5f-047d-4b11-b662-a14133d24728,0
156012b0-5f71-438b-944d-eaa3632f43af,72
ce2f12a8-4089-49f7-b84b-6f8becc94995,0
84f4fe6b-def3-490c-b048-c77e53b592ca,0
9128a5f9-46c2-4298-ab6a-e73feac946ad,71
ade49743-2193-4fb0-8a29-8f49d9cf957b,151
7206a194-6f0d-4f93-b684-e8c1d5cbc873,72
94516c65-bd55-4b92-b517-2f6fb7d2fb39,0
fc40370f-9b61-4f7d-acb1-6273b4909f53,72
b4011988-e001-4496-9759-34c9144ca6db,48
1a05319f-4d87-4124-96bf-d916ff7a4c4f,125
6d93ba7d-c82a-44e8-8f12-20e51ef1cb59,0
325405c3-51b2-4182-92e3-fbcdd593ebee,73
585c5004-a2d5-4f0d-a1a4-5f884ef29de3,0
a6b765ab-605a-4e47-abe6-e7ac5774814c,21
7931937b-fc64-484b-ab88-cd1eaab15395,25
4ba6b622-961d-46eb-b6a7-7d4bf32bcc8b,151
6094d86e-f6e1-4fe8-83b8-35ebfe8297c8,9
8026d940-7511-466c-96d9-b55cec816260,134
d53a96b7-a71a-40f8-87ae-3c61ebcc3449,80
a92bf0d7-da0e-4eeb-91d2-61ae4aaa795f,74
d10c793e-f42e-436d-9404-990b6b7f7550,58
c273bd22-4ddc-4f35-bb62-aeb4255215f0,74
08e73a50-a935-4335-be9f-67b923a342e3,59
e9c9b6d2-be29-418b-b2cf-226ce8562c8c,116
aacc9882-cce8-4e3b-9451-7c14d7fa4b3c,80
13bf8d02-f9f1-454a-8fd7-c710c93fa5de,71
07365a84-35aa-47a5-9b9c-88b60a0e6170,170
c8a867e4-aad9-4fab-b0df-120c9c64ee25,0
45f87706-ffaf-4b33-bdba-73d194f1d57e,59
3dbb9b6e-669c-4c3e-9886-85b82904f203,141
7699c44d-ce9a-4369-a437-c8077b932cd2,0
ea55f83d-be8a-4abd-997f-3949898ed0f2,151
fc49b42d-42e1-4310-aa3b-dc9325565990,8
e0e1a26c-f389-4f34-8b54-aa50b5893f03,54
b935487c-6891-490b-8600-9ec03c47f326,143
28335adf-e59b-4863-8b45-f1caf330de18,216
5342a0b9-a0d1-465d-a584-45f8837dfc1c,0
184ad4fc-fa49-4bf3-93c9-3e58f1b7d7e7,53
fd91d42f-205f-4db8-b113-8e5121195960,0
d8a10957-7229-4525-bf02-45a52af3b506,72
9d7b32fb-a5ed-4496-9e7f-038526e3638d,100
8041bc94-b46b-4074-b5da-084272a466ce,36
fdaa2333-a8f7-4065-acbd-1014ea68eb8a,86
b9427d21-cbad-4d03-ac44-57f2e5dbd1c5,132
a09ddede-e14d-44a2-aca3-bb573d788fc5,0
e10a1d7f-1d23-45fa-85cb-d89f36d77535,0
81f761d5-0d2d-4fd7-adff-d5d3dbe65017,0
bc75415b-0076-4d37-9f85-9337031b0f32,4
3301b5a5-9794-4374-a89c-a9a1fd8bf11b,0
f4fcc458-8d2a-45b4-8362-5f4cc82f1434,0
c1cbfa63-f351-4921-b54f-01be02d04977,4
46f6de87-08e2-4475-b52c-e6589ab8d362,0
2f9d6715-3804-42b4-9a3f-9b9a9c7cd8cd,0
e995fdb3-5fe0-4e22-8bf4-a4957004aa0f,369
a17825c0-af6f-4b32-ba7d-eceed6892e16,0
089af70b-904e-4ccb-adbb-cc1604e66cda,150
79b016ea-65dc-4e45-a714-507b71088b33,87
9ee71dbb-ea9a-4de4-8de4-ac49cb05695a,199
a74b89e1-65fe-45dc-8739-5c44a3f6f8fe,76
f37d83d7-29eb-4d83-bb34-e70dca503690,64
cabb596c-14b1-4530-8b49-3dd2ee3864db,143
5e07f52c-4f43-4315-b9b5-599751aa9f76,75
d3a331c8-7458-4897-bb2f-6cc82d7a5907,248
93bab091-b058-4c5c-a809-b35e2955652c,25
1ee2faa3-4b0e-42e1-9de3-f533477c4af2,75
20de42ec-dd04-401d-a61d-9231a04be4d2,267
1d951d3e-b54c-4feb-bd66-d6f81b3b65b2,0
c2952017-e275-4931-b98b-9cda022af193,143
afae647c-5701-4c06-b6ff-c4498dfaf31e,0
1260cd0a-5022-467a-8fa8-b6884276acc9,17
b16e1d21-4f59-48d6-9660-92c7d6fc2f56,8
72a6df5d-3c93-4cfa-aa7e-d51d16424578,13
208544a4-5b82-4c67-8d9a-0cbb8c91faa7,79
641970e7-e810-49c9-8955-975f2a22fdce,141
dcaecf85-91b7-41e4-8e17-5cff0b93be08,98
54bcd6d5-d41a-49dd-a652-ccede550fe5e,34
577b55c8-4557-4ea2-a7fc-051186cfc674,0
c7a5c3b3-f8ea-4cc7-86c3-be10fbfdcc5d,0
9f1d1c45-fef1-4b17-ae98-662934395362,0
ec253b9b-966c-4049-b19e-de3ac951c958,0
bea235b7-bcff-4384-910d-706ba7e04ab6,8
e702aecc-2f94-4587-9b5d-21ebc296333d,4
d7150941-0674-420c-8eff-2118e1b4e5a7,0
80b80bcd-fd5e-4f17-869c-2ebb75f2edee,0
bd1a6183-ec6e-4db9-90d4-76439dd51964,0
c5708925-a0d7-4504-8288-206eb9b77eae,0
fedfd3ec-87d0-4c66-95a6-cf384abdcff9,8
e71e144d-e457-4167-993e-2913e3090839,0
35d94a6e-0e98-4265-b700-05399c810622,4
1da13915-9f54-422e-8cb3-0c95294d5c3b,0
ed20a1d3-a4b1-4575-8b40-896d12af55fd,4
518000dc-c802-4c29-abb7-fbf35dfc20c3,0
0998a589-93eb-4f0b-bb39-6c77550732eb,8
a8a505f3-ad71-4068-b0c7-b472806274b6,12
96d985aa-d6e4-4bbc-a13a-aabe5368d470,4
b84a190d-9f9a-47e8-840e-1cb555c4e233,0
15685e85-1803-4dfd-ab90-5be891993e8e,4
af8092b4-d216-4378-aa41-721676f65ec1,8
641c1be2-89b8-4890-8017-1b4f6c2d0a5c,0
7e871b69-ff19-4497-a3fc-2729c31409ad,0
c8864d67-0b9a-4e6b-9247-3e3e353e24f4,0
c21a71e5-ca5f-4919-ab0c-afecbe1bf2e7,0
12472caf-78e4-49f9-b49a-b684e1b88358,0
5846cd0a-e4cb-4bd7-b2b2-b2b6661c8716,80
bedab3e0-73c4-4d33-a47d-2355073c6205,0
da1d8485-58ff-4d74-ac1e-9e873e7fd481,39
2ab9e477-460c-46f5-9ec7-8119dcad545e,0
c65d5d43-10cb-4e58-9731-21e75e589f2f,0
31c7882b-f313-4400-8afe-db532ea26a26,4
2b422441-95a6-4f36-b7ce-9b0111126536,0
7c6c8468-c026-4394-bcb5-f43f3dc8e3b5,35
a47dd444-9b38-4485-bb14-a850b0bb13fb,0
9c8b2764-d2c7-409e-acf9-44752e9b6c5d,4
e0c6c9f4-5694-4b27-82fe-e3af3b29ba5f,0
f99cb57f-402e-4843-ba05-728dcecd8ac3,101
f45cceeb-6f2d-4080-b497-183fb76626e1,0
d860ad48-a285-4b02-aa13-b5e7df4b1042,0
9ac8e582-6af6-42e9-9a71-f0f54d976d27,0
241dc76b-fbd3-463c-ad65-398283d26d94,0
ccc20a1a-e6b2-4552-8e5a-5ba62650feb8,0
4d14c8bd-a2b9-405e-aa31-45ad28e17fca,148
96c0189c-2cce-4c0f-a87b-fa14921f5acd,71
2032929a-c718-40d0-b83d-8bd93e481360,0
16cba85f-a640-47ca-9071-a0ce13bcb051,0
d13c475c-128d-4dcf-8bab-cbe9f46b7216,144
422934c3-0f21-45b7-b139-4fbc6fb4d67a,76
452b5881-fd2a-4a8a-afb7-cb76bff7a470,4
05872468-a5ba-4c51-8289-4069485ba925,4
e5cf83eb-6777-4549-b217-2f45d138e543,0
75b62ab0-2bc8-4852-b067-b39203392e66,4
4ab2bfa6-07da-42cf-922f-c1b37810148b,0
7a0a4a85-bd8b-43fe-92cc-67c2f8e73295,68
5b4e0ed0-f3d3-439f-a5ea-dec7ac91d8d3,17
1fad8848-ead8-459a-865c-d9fab046dffe,8
fd845e44-71f1-4868-9116-05efb9b11d3b,4
f1125187-c440-4946-893d-bd20ab30f257,0
5fe1bf0a-a0d3-40c3-b28e-540aa38f6a83,0
42fd60d9-0700-4d5e-b39b-78bb155dfde6,0
bb7c3c42-9e46-4d40-80be-674054c542ba,0
02c236e2-0ff2-48ed-bd6a-9cc14fc4f24c,0
c2823d2f-a1ee-4d79-8eaa-d4d421d8b1d7,0
f45c15be-6591-4294-bbce-a27fb4a80ba8,0
eba37eec-207e-41d9-bab5-255c505ae5c8,0
c317df3b-9688-45e3-87fe-c3582e0dddad,9
b037aa7f-7455-4a64-9d5c-cd596de82c66,4
b2604e24-d5ab-4e8a-9938-bff02714048a,0
594c8891-40b2-45a7-9854-5e4fb551d52e,0
cab5f3cb-43fc-49c0-9ab7-882c6217e32f,71
a326af59-cbae-4606-91c3-1b37a46d82c1,0
5bed5ad0-0aac-4c9c-a435-582402ea1e3a,0
c63da83a-965e-40dc-9d71-bc188152bca9,0
72d66c6d-20e6-460f-851c-7938f64741e5,26
4eacfead-95a4-443c-8afe-05ba7346d50c,0
928215d3-071b-421f-806d-b55f02c4c3e6,0
007ace0b-6a75-45cb-914d-7d25ce7a2be8,0
8c1b1309-d885-44ca-babb-ea9aa85d6020,0
e1f8b349-e41d-49f1-ba42-c5c0ef57c9b9,0
4e53ae7d-4af9-4fee-8818-e65ee46b730a,0
2a3646dc-de07-4394-a969-9131002e49ef,0
14155786-bcc6-4fd9-87e1-d21bf047dc38,0
7f1ca263-8d33-4e7e-ae14-11decc9a0454,0
365b4789-41eb-49af-9fdd-7da5acd5fa94,0
fa674cd0-c8a1-434c-9a85-427d5e6bd187,4
9d542fd7-d96a-40e7-9d90-45d19a471931,8
3d392800-df64-444d-9277-cbadb4b3d618,151
06ba2179-76cd-4bae-b193-3daa9c567ddb,0
30ffdba3-d115-4c79-8abd-ee3ed492b011,0
0468082b-7fd5-4067-980a-7a1d68f42a05,0
b382d63f-0bc1-4b9a-931a-f42ca1b550ee,0
e0a696ed-a663-4786-a8b8-26845a981571,0
d9b44fba-c004-4138-8c9b-f3a71d247fde,0
354376d7-f122-4364-9fd4-45e93056c910,0
84fd264c-4cf8-43fc-9dce-089ff6f6cc7f,0
b981fbca-e5db-49db-a933-de348d118821,0
2f6d1c2e-f810-4b9a-acc1-4627762926a3,0
6817c6e1-152d-4c3a-a180-c61efd248e0b,0
abe22d9a-668b-44d7-ae66-20888835716e,0
bed496e6-d698-4bbd-bfef-5fb068840e7e,0
b8cb59d6-3e24-47c8-a091-0dcc56a7495d,0
a46e8421-edc3-419f-bdb1-259e64f8a89a,39
c85fb154-1c69-4211-a027-8ccd45d72a75,0
7aefaa3e-39dd-4f07-9c31-9199eefc5275,4
e1bd7aa5-70b7-4782-8001-c5e4e900603b,0
a164bdfb-7458-4a9c-a310-f47d2eca718c,4
3cd9dd29-2153-4a94-8291-8ba8538b7a8e,0
d3569d89-2cc9-44b8-aff1-7649819e6310,0
5888f214-7ea1-49de-a546-40bf5c6f1125,0
4de97768-5a41-4fc9-b4df-ec6a1a1b5ee2,73
b010f8d9-0026-4d11-bcb5-d1d9467daf04,8
8ede362d-a02a-48f9-b9df-72464e76259e,38
8220a39d-04ae-4f60-b344-3d4c413df4ac,0
158ad35f-2e1c-4ea9-89a3-3baa4d07e3b0,0
0bc84cfb-f1e0-4763-bbaf-7f4ccfa3000e,0
a8f10af0-3fed-4fb2-b7cc-ff9aeea1a504,4
d96f704e-2960-4969-a287-f006bd742f52,0
be4d8622-6e59-4e20-b55c-f5563d6d6156,0
a2f84307-707a-426c-a462-79ef614000fa,0
330d1288-9098-44e6-9ba5-c8ccf5d6a21f,8
a60c0f7b-3fb8-470a-8d64-7f92c57168e5,4
626b5aab-70b2-4f16-a910-dbc956de2ffe,0
148d43df-8922-4cde-9792-2b87958f9629,0
160cc573-2574-4ed5-9c10-3240fe0470df,0
133ec2b9-268b-4e5c-a39b-1119b2cd52d7,0
7b8de57c-0c9d-447f-9650-e846784fdfa6,0
c6da8dda-a798-4c43-bc00-49dad07f87cc,71
69449aec-9e38-4068-a629-f02859265d08,0
78b1e44d-43af-4af2-add6-9b6781b361fb,8
27b2e80f-ba70-4db1-a6d8-90736eeb4563,99
6c853cae-459a-4bf4-ae69-05b047c77e5b,0
94c6b305-77c1-4759-bbe0-93fe6f0a5d05,8
dbb492a8-9849-44b9-af0c-0e734c2675eb,17
084756fb-1ef7-49e2-aa31-6e91760f4ff1,0
f7b5c1c9-b0e0-478e-b699-5ab8ef9de901,0
1ececcf7-ee5f-4759-82f1-d706b24bc035,89
406cbce6-054e-4a9a-908c-1c7046b48232,80
5258ade4-4422-4482-9560-fca59fe217c1,8
5579eccf-d16f-4a82-93ac-d3b2f9238a45,8
60396ce3-cb9f-48a9-a4aa-f360990272f7,8
f568c721-29cb-4988-ae12-8da44443ca8e,0
c9d044ce-5974-4044-a68f-ad70622730ff,0
303562d8-9306-49f4-b135-eb4e7ea32b09,0
82deef7e-425f-4a07-aaa9-04549535f52a,9
73b2922a-561d-4c85-89f7-5a356030db63,406
b97949e3-f869-428a-904b-b2924c244089,0
d0cdb8e8-206a-4371-a764-453a2285e5cd,73
1dfcede0-6c87-410b-8acf-e03ee46a389a,79
2d74b06d-9d1d-4d7d-9d14-a8806478a1ab,159
0de19810-c5e5-4815-9b37-469f17fc01e3,0
93273d36-a813-45f9-9275-78fd8e07b0c7,0
637552b8-757c-4a6d-ad9e-31d84364bef1,89
fffa9d40-2ee7-4fe2-9611-c6fccc70ce56,0
486560b2-7408-4d18-9731-409833ca4104,4
fac5b13e-4a78-4457-bd05-296cc00a5516,71
036600b5-c39d-46b6-bc2d-4044564f49ab,138
3af15f72-a480-424f-9b24-a32c95dffa03,134
1907b419-fdc1-4a85-baad-1c231887c661,0
0654aa5b-352c-43ec-9d87-8fb1f57930b8,0
92bf326e-7287-43a5-8dcb-8666f6dc1f3c,49
043b34cc-09bf-4ef8-bc36-b3a52fe50e5d,0
1b950738-8d06-46a6-bbac-d4003132f91b,0
163544d2-45c7-457c-8a69-ba7972881652,0
c3956ed8-43a1-4da3-9c8f-5237234369bc,4
04610724-c069-4071-a995-ed1dbe6e5e5e,0
25c9eadb-1276-43b8-963c-663576e7a93f,0
f5290f9a-32d7-4277-b83d-e3e83e81e5dc,141
eac4a104-bce4-4c78-89fc-f7a1acc8b1dc,0
fd0a29ce-2a17-483c-a45d-aea0dbb702c3,0
d5b53017-ed9e-4ffd-92c9-93bc2a1db390,0
1378be4a-f30e-4339-bc02-b3d3825bc5e1,0
dc6c606b-bb49-4508-8233-2805e8408b88,4
a43881ae-2092-4f5c-afc5-43d29ed1943f,43
4d36f7a1-9263-4217-8199-10c2900cb86a,71
f46b3275-391e-49c5-bc2f-423a44d91454,147
314b256a-d479-4b40-8a55-0f7bbe5fbfe6,888
b9eea5ea-724b-4b94-9878-80720b1002be,929
95473b5b-d279-47bf-ac23-c2ea83a32efb,0
06a914f4-5d39-4bb9-a23c-55a1bc6cc095,388
0a56fdfd-309f-49a0-8941-efda0daa05e5,0
8a1c7902-fea7-494e-b6af-e0e952241b33,0
bd0d6403-5270-42cf-98ae-f0cc852843ae,0
3eebf0bc-aed3-4e22-92b7-54b43a5b2052,73
2dd560b7-4707-4da0-b0cc-3aac07acfd7d,0
1c8d18d7-0682-4042-8c7c-8833ea6e1417,0
4732e986-63d4-4910-b2e3-4190e59266a1,0
98bc3bbd-a84b-456b-9161-faeebea9ae05,0
e2c9508e-6302-47ba-8b36-25ae6a5b54fb,4
df155070-bfc2-4413-a192-440028769301,0
a6d79081-a70f-43b1-9bd3-0fea8041c049,50
ee2804a1-3b51-4960-b815-b795db7a6371,0
523cce57-5d59-478e-9bc2-461db4156dad,0
db1277cf-569b-480c-8738-422ffcb10336,0
5a37aa60-bacb-4162-82a2-b81f8fee94fb,0
9ccdd4d3-7f22-4ed3-9cf1-c7b06dc91b1f,0
1f09259b-cdbe-42e2-8ec6-ef35d759244e,39
38c3c4c6-8c8f-4046-a26c-bcbbccb14734,73
3ece6289-3174-4c92-a9c6-7e18dfbe5e26,34
25c86640-a5e0-45b2-9837-7f58042791f2,4
b4ec04d5-01bc-4718-aa85-179985ce3f83,363
39a73acb-85ad-4570-a368-5e4b899a6063,0
99c0451e-661b-4e7f-bc6b-2a91c0a228ba,0
b75ea4b4-cd20-4f12-acc6-578a2b19a51a,0
ca0e6792-b302-446a-84b0-7d93fc5d8ccd,0
f502f9a9-30f0-4fed-a6fd-a5d5195df084,0
372cf7f4-261a-4152-8edd-445d439bb76f,71
f858f684-b869-44b9-aac6-0d89999aacde,4
185a5b70-b669-42de-a027-0bcde1e4dbad,25
aed3b5f0-cd12-493f-87dc-a9880888cf2c,73
f06dae87-f087-4977-aa52-82f1092879d1,76
33e9e5de-7fb2-473e-ad3a-592c92743e4e,0
eddd92c3-05e6-48f0-a390-f9c8ff0caf99,0
48564d7f-262f-4b33-b12a-7f91a881e541,21
1d17078d-e9c7-42ac-b656-d937995fcef6,8
f40d0d58-a796-4599-a63d-ac02db4d0674,4
49645f90-02e0-4968-bfac-1efa70897314,17
8bc3936b-b269-45ff-af8e-e5b55ef23386,443
b5558584-4ed9-44da-a0fb-bd8ec36e2973,17
dc6a155f-cb2e-4d1b-8ac2-56c8618b5e42,13
5ed2194c-5e17-4dc8-b2ae-1ebe19c339a7,0
7a6c4472-da0f-4ec5-b8a4-97ccc8e4ba7c,0
a88fed1c-0bd7-472a-96b9-93daf848c590,0
72765a6a-7023-41ad-846b-f910a86e3a62,4
6e3bb777-3c72-4eaf-8f00-5903d4a3d38c,34
b2e5dc1c-855c-4220-a7c3-6fc13c8e6007,51
7bdee532-2ca8-4163-a4ab-2a395157c7ac,34
548352e0-2139-4009-acde-4c4c4cc6d631,8
555d833b-36cb-4a3a-aae8-9d3921723922,0
342f4cb1-1af0-42fc-baf2-0d3fe347179f,0
a55d447c-9b43-404b-b50e-6d7a57c2292e,8
9a80dced-1334-4706-8881-88afcce04058,8
990c2e45-a01f-4b2b-82cd-f65314b2ced9,12
69c46170-7a2f-4797-9787-554023e88dfe,8
03154754-68c2-4c9a-beb4-5db7df6d443a,4
9b1ed6c5-fba4-4a0e-af9b-e7ff880f9430,35
cac4978a-1f16-4288-a1a6-4be2750047f6,21
7ad68dc0-4440-4630-b621-35c8db804e74,38
2e39224c-7b20-4784-b99a-ec22b4bce143,8
f3751c43-7d88-44b0-a069-b2364d8a0f6c,12
543fe997-cdf2-4b8a-9531-119d3239dbff,37
3f4e60cf-895c-4a06-a8a4-7cdc8d4c9d9b,33
0bb71821-faa7-4e9c-a4cd-d0c0a1caf07c,26
4d580427-282b-488b-8eb5-5ddbfaee2c60,20
68778303-f32d-44e7-a958-453a68366bb3,34
51e72f76-1e04-4c18-85bd-d9084592ec28,50
c930c8b5-accb-43ee-b462-9d40b029c098,0
6650ea09-59ee-4568-bdca-80977e670d95,4
d1c8b8aa-be44-49f2-8297-8e02faf1e9ee,0
2b493d23-ec1f-4541-b549-49f5a3e06319,0
f2135d61-76b8-47c6-bbbb-7ad65e46e7ca,0
541ae5fd-378a-4d5f-8814-00cc35226165,17
2b719ea8-91d6-429d-a267-cca67e3af711,26
b0507677-5942-4361-9d4f-73d9352dfc85,63
c37ca42f-f32a-404f-a8f3-10a0c62a2af1,0
ae321df6-f346-4726-a53a-f7d13a42565a,0
82a62dd1-9f43-4271-a291-f945707ead40,0
108fcac2-06fd-4cbb-8be2-a187261ac5d8,39
8ddc4226-352c-4f22-acd5-1256f705400b,0
89440dad-6285-453c-908e-822bf1cd1f05,0
5ba38cd9-2fb9-4592-9963-1be36b41eb54,0
91fa0b29-c811-4250-8f42-923eba5f6a84,0
9b1604b1-27d0-4525-92cd-960a2ba30444,4
fb6ecb11-cb8c-4bf4-b01d-3a494e7db9c9,0
27b0d059-014b-4f39-b86e-088aa2016942,12
d3843c50-5b8a-4322-9b8f-523793180710,0
f2e0a37c-1362-4171-9c3f-abeba5a527a1,16
60a42da6-24e4-43ed-9b13-73e2a5bce91e,0
c7e4b684-6c7f-4447-8edc-8f5a7efb3d63,0
b231c455-303d-4a30-83ac-a5d9c8dd7170,0
81845f9d-d253-4d01-902b-450544daf122,0
b51cb127-83f1-469a-8d77-8abffc490373,56
8b239aeb-b66f-4850-ad16-9e0479c9b1cf,4
3ee169e0-1541-4fdf-8bf0-eebbed18ac6f,0
72b59170-140e-4d7f-a746-5f2a91757a4d,16
dc547085-e326-4791-8931-35cdad1dd817,12
2f6d88d6-b242-4ec7-8b0c-81b64f132e50,25
35feb71c-839a-4a43-9881-f8c6d1bb1b01,0
e2b00954-9a8b-4bb0-9f1e-4a1ab1e22e42,34
d4de1030-bc23-4197-9e1f-d009110f3eaa,8
6801931b-a1c3-4fd3-bd9e-dd61213d8c5d,21
b18ed5a0-1913-4ceb-9377-820901aa44c7,37
3ebd8970-febe-4a30-a7e2-068f9107f094,17
c724b335-35a6-4741-b070-f8d7ac3c45bf,12
eae05500-1cd1-42bb-8055-50db261e7e87,17
9f5851be-559d-4869-95a0-2ed180e3aed1,30
18e48c8f-9217-443d-be57-ecf5ae6067ff,65
8ea903ba-22a6-496c-9ca4-4bcc39f526f2,73
b814772e-89e2-4545-9686-2241b67d59d0,108
79b4536e-07b2-4ffb-812b-14f43668aaf3,59
5d196da5-e4d7-44b8-8608-c30c3e83dea5,26
16895ccd-8baa-4ca9-bb25-aaf87ff89873,71
4f359daa-03ab-43e2-9973-0820a7d31e70,27
041c4a71-346b-41ff-ac06-214a5b56da42,8
caeabf67-d257-4865-83f0-9affac3f05c8,8
a7be057c-cae0-45fc-9a44-ad1a97736ab7,8
8b3bea58-439e-42ec-9acb-3f16f3615811,12
2929b8ab-b768-4783-abb2-f533ff81c43e,8
50b24a93-90ae-452c-8c35-7cf725054980,17
a7a6ff2f-fc7c-4c16-a6a0-9e2ee3e34e26,8
0b9c3875-ea9c-4b78-9365-3473643523bd,47
5b6392ed-3e69-4a9a-b61b-2cb9dc6ecd81,34
f6f07802-aeb9-43ae-bbf1-c6a3b73698f6,21
0acc0cab-48fd-4200-a709-2c1f6ae8444e,0
c6343472-2267-4e32-8b08-62cd0bcd8258,0
1318372c-b347-4425-b3bb-05adf78b4f10,37
e1ce41c0-5029-40a2-952c-cfc4acf0dd87,8
99ea18ed-0203-482d-9605-a28f884a3e08,17
698fe477-31e5-41d2-bc97-1d443d340e41,0
298a872d-7091-4ea4-9f34-84902c37dd9b,0
92d459b6-97d1-4c9e-9f61-ab6702905674,34
7dd529b5-1f53-4571-b675-f6a8cbf7af96,8
77d2b257-1871-416a-97e4-8393dfbecbf0,16
9c7c93f7-6f87-48ba-8393-3b7decb74630,4
e2d1e548-de70-4e99-9f24-af4366f72ced,51
e0c7597b-38c3-42e4-8c14-b1e4a04025b3,17
1896a0bc-a81a-46c8-9826-67a2a62ed2a0,26
c698dfdb-a7f9-46c2-9ed5-99f8125ebd09,4
87274df3-cc86-4f02-b5cc-6f1a8d6cb639,79
db62b0fa-3eb3-419f-a85a-dcc0a8bd8ead,76
bc9343d0-9149-49ae-8416-f3d6901da608,0
2f1508a9-c7e9-4158-87f5-f635a98cc54d,71
e574ed29-4fbb-4b7f-9d7b-a0955bf022be,17
3eac27ac-9f3e-4d7a-a75b-85b9be96a480,43
f84b5723-10ff-4505-b529-a0398ac92043,73
d597ea19-0c96-4a73-9514-0fe55f9d9e21,36
85c8da9a-8ba9-4792-b026-bbdb6e18598b,0
ccca7d45-db92-4653-bafe-5084756b3ce9,146
e91e9b1c-e478-483d-b343-7af17e859c3d,0
957af400-4643-4961-acee-6c03e01e1d06,0
7751ecd7-2732-49e6-a32c-87f57332dcf6,0
2caccb98-a65e-496f-bc7d-2a46d494484c,56
7ef71bb3-e312-49b0-ad17-ed4c14aeb740,64
f2468189-bfd6-465f-9433-a58de071dae4,37
3c283de5-0d07-4a7b-ab62-2c4f64845345,51
1d7b9ca1-ee53-44bd-988a-e2027e258f1f,12
3062eeb6-1d35-4598-8e30-eb7be2466cee,59
43408f82-daa8-4e00-8b19-48a2da5ad465,73
d7eda75b-c606-4bfd-992b-183b8e91aee5,70
f5af1eb2-e64a-4f2b-a5e5-7dc0ea911533,21
8f9aac49-a64a-4cf6-a130-c36f4489d391,4
6a9b69b1-f460-4459-9682-054ae9f280d2,8
5ee86117-6374-4b3d-87a5-e7a6a063f5c0,0
fd85fd2b-9d54-491d-a70a-c167e9a4b710,17
0c9e64b5-b29f-478b-bb95-5a1ad184ad53,26
668bfc30-a92e-4bcc-813d-52feef26d1f0,4
ca412005-abfb-4138-858f-28e828d45f12,4
ce027ece-c7ca-4248-ba95-71f3948a8264,0
34b34bae-e2cb-4923-979c-a0223d4284c9,12
7734a4f4-a273-42c2-ba8d-000260970783,4
6134a288-8932-4896-b206-dbf4e6087b02,16
821b49ec-4ec9-411f-9c24-31362c9dea13,21
88627627-0cf1-4c05-a8f4-6ebcc6fd0404,26
edd4d65b-0a37-4862-9836-641ff3f90d5c,4
7a00597e-9119-403a-b36c-d256ac95ccad,8
1e4764f5-97d1-4ff0-a177-9185915b7146,0
14cbd652-1c82-4162-8e80-c23bb207fed0,17
93323788-2f40-4236-bfc5-da907b602ddf,46
21291dec-30ee-4a3c-aa45-509206adada0,0
5dfc6691-056e-4441-9cb5-8ef664b5cabf,91
ccf76d5b-ccb0-415d-85c6-610113517131,4
02821576-4d80-45b8-8dab-16a7a955cac0,8
f910f707-7d04-4112-af21-3b57d86abb32,30
98624b35-04bd-418e-be7e-91e06ae9ea24,0
af8bd9a6-a9ed-4252-87e5-0556e949ed3d,8
59761bc7-248b-45b5-a7f9-e2281abac96e,34
0b248ded-b4c5-4f60-ba21-0b67595bd549,68
721be0bc-b346-4213-8294-3d247ed1b387,52
aa87020d-0ee2-4f64-9b95-845540feae88,27
0990c8ae-7f39-426e-b450-28b26594f2b9,8
c73e268a-44ec-4dac-b300-a89b3de30620,4
658f5822-9c5a-41f2-814b-331c476ffe77,0
6fe8489d-13df-4209-bb61-b460d69f6d9b,21
d0ca4653-87f8-4b72-8208-4050a7543af9,4
82927339-5966-49e4-a145-fb9e8c38ee7c,21
7ddabe03-1508-41b1-bc1a-f7827822899f,17
e5309b3e-e2cd-48d1-b5e9-0111dc7b0b59,4
fa47d14d-0bcd-441d-a558-077ce8ec144a,26
09468cbc-2456-4eb2-b279-f6729b079730,35
d069f576-fda4-4bb1-968f-32df40d77a8f,0
0f0cfc8b-a06a-4297-bee1-49f478ea7117,0
85a759f9-ab6c-4633-a909-4e703478d8cd,0
6c41d288-77be-4ed4-9fd1-3cbdf503922b,0
238e3485-d1c5-45df-8585-700813927683,0
abcccf28-01be-4eff-8791-8a245ea3d961,0
462c9229-59a2-4391-b16c-4cd8d8c3efa6,0
bf6626a5-f0a1-458d-a6a3-82820f0b752b,29
ac01f69f-0341-4516-9cdd-fa56cc3b553e,0
3334c341-4b2f-488a-8ef3-cba0b4b8b531,21
7074a62d-1622-4ff8-9759-162475050bdd,36
165c3bbc-984c-4e11-ae33-f864411d3ef0,0
4df29e0e-6016-4901-b626-a63b0637dbd2,8
44f590ca-d978-4001-9c42-62cbf49662d5,8
1fe31483-bfc1-4c26-a37d-b4bd68778f42,8
d97d88ef-9e63-4f17-8500-db43bc520ae2,8
a117aee2-1279-417d-9219-65c6c780f80b,25
61380eac-6eee-4ef2-8413-06900a4d3854,4
57924957-5357-4386-a4f8-607a67f0aa82,0
5157a981-0ffd-4049-b88a-fc7483be23d9,0
cb262ac7-3dfc-4ce8-a6a8-7e4f0b27a745,0
dba60292-1f39-4388-85bd-a60698ad98f6,80
