"task_instance_id","student_id","task_id","time_start","time_end","time_spent","solved","given_up","attempts","solution_size","reported_flow","instructions_ids","session_id","session_order"
18,7,1,"2016-06-30 14:40:53.964435","",0,False,False,0,"","UNKNOWN","[11, 13, 12, 1, 14, 15]",8,8
1,2,56,"2016-06-29 15:34:56.325120","2016-06-29 15:35:28.488610",32,True,False,1,3,"EASY","[11, 13, 12, 1, 14, 15]",1,1
28,6,31,"2016-06-30 14:52:23.540158","2016-06-30 14:52:55.605318",32,True,False,1,7,"EASY","[]",10,10
17,6,41,"2016-06-30 14:23:44.252620","2016-06-30 14:41:13.116935",1049,False,True,23,12,"VERY_DIFFICULT","[19]",7,7
2,2,2,"2016-06-29 15:35:41.768981","2016-06-29 15:36:01.918443",20,True,False,1,7,"EASY","[2]",1,1
3,2,20,"2016-06-29 15:36:12.210266","",0,False,False,0,"","UNKNOWN","[16, 3]",1,1
4,3,1,"2016-06-30 07:55:32.575624","",0,False,False,0,"","UNKNOWN","[11, 13, 12, 1, 14, 15]",2,2
5,4,1,"2016-06-30 07:55:49.045173","",0,False,False,0,"","UNKNOWN","[11, 13, 12, 1, 14, 15]",3,3
6,2,23,"2016-06-30 09:26:06.141425","",0,False,False,0,"","UNKNOWN","[16, 3]",4,4
7,5,56,"2016-06-30 14:17:44.387449","",0,False,False,0,"","UNKNOWN","[11, 13, 12, 1, 14, 15]",5,5
8,6,1,"2016-06-30 14:17:44.752047","2016-06-30 14:18:01.044105",17,True,False,1,4,"EASY","[11, 13, 12, 1, 14, 15]",6,6
9,6,2,"2016-06-30 14:18:06.011384","2016-06-30 14:18:25.057813",19,True,False,1,7,"EASY","[2]",6,6
39,6,14,"2016-06-30 15:13:29.662560","2016-06-30 15:14:01.151985",32,True,False,1,7,"EASY","[]",11,11
26,8,25,"2016-06-30 14:50:13.516508","2016-06-30 14:53:10.733545",177,True,False,3,7,"RIGHT","[]",9,9
10,6,3,"2016-06-30 14:18:32.059484","2016-06-30 14:19:00.453401",29,True,False,1,6,"EASY","[]",6,6
30,8,53,"2016-06-30 14:53:21.727218","",0,False,False,0,"","UNKNOWN","[4, 5]",9,9
11,6,18,"2016-06-30 14:19:04.496970","2016-06-30 14:19:20.945694",17,True,False,1,4,"EASY","[16, 3]",6,6
20,8,56,"2016-06-30 14:41:25.175860","2016-06-30 14:42:24.745556",60,True,False,3,3,"RIGHT","[11, 13, 12, 1, 14, 15]",9,9
12,6,26,"2016-06-30 14:19:22.992032","2016-06-30 14:20:15.636566",53,True,False,1,11,"EASY","[]",6,6
29,6,16,"2016-06-30 14:52:56.998612","2016-06-30 14:53:22.981880",26,True,False,1,7,"EASY","[]",10,10
13,6,11,"2016-06-30 14:20:17.298669","2016-06-30 14:20:48.232645",31,True,False,1,7,"EASY","[]",6,6
48,6,33,"2016-06-30 15:28:50.255254","2016-06-30 15:30:13.859010",84,True,False,1,16,"EASY","[]",12,12
14,6,55,"2016-06-30 14:20:49.688225","2016-06-30 14:21:57.821067",68,True,False,1,7,"EASY","[4, 5, 6]",6,6
40,6,24,"2016-06-30 15:14:03.391578","2016-06-30 15:14:30.390267",27,True,False,1,7,"EASY","[]",11,11
31,6,53,"2016-06-30 14:53:24.448441","2016-06-30 14:53:58.465717",34,True,False,1,9,"EASY","[]",10,10
15,6,51,"2016-06-30 14:22:09.709457","2016-06-30 14:23:20.112196",70,True,False,1,8,"EASY","[17, 18, 7]",7,7
16,6,19,"2016-06-30 14:23:23.526920","2016-06-30 14:23:42.132548",19,True,False,1,4,"EASY","[]",7,7
21,8,2,"2016-06-30 14:42:32.106842","2016-06-30 14:43:38.930083",67,True,False,2,7,"RIGHT","[2]",9,9
41,6,18,"2016-06-30 15:14:32.759646","2016-06-30 15:14:48.256828",16,True,False,1,4,"EASY","[]",11,11
57,2,16,"2016-07-02 03:33:19.288370","2016-07-02 03:34:35.363635",76,True,False,1,7,"UNKNOWN","[16, 3]",15,15
32,6,43,"2016-06-30 14:54:00.062844","2016-06-30 14:56:22.415202",142,True,False,4,12,"EASY","[9, 10]",10,10
19,6,37,"2016-06-30 14:41:13.406971","2016-06-30 14:45:15.329767",242,True,False,10,15,"EASY","[19]",7,7
49,6,28,"2016-06-30 15:30:19.164606","2016-06-30 15:30:59.887843",41,True,False,1,7,"EASY","[]",13,13
42,6,20,"2016-06-30 15:14:54.435585","2016-06-30 15:16:02.902776",68,True,False,2,8,"EASY","[]",12,12
33,6,15,"2016-06-30 14:56:29.220111","2016-06-30 14:58:33.833291",125,True,False,2,7,"EASY","[]",10,10
23,6,22,"2016-06-30 14:45:20.876431","2016-06-30 14:47:31.858976",131,True,False,5,7,"RIGHT","[8]",7,7
74,10,12,"2016-07-18 03:29:53.282395","",0,False,False,0,"","UNKNOWN","[]","",""
75,10,25,"2016-07-18 03:29:53.848684","",0,False,False,0,"","UNKNOWN","[]","",""
34,6,36,"2016-06-30 14:58:36.179669","2016-06-30 15:01:27.378517",171,True,False,3,9,"RIGHT","[]",10,10
43,6,45,"2016-06-30 15:16:04.643146","2016-06-30 15:19:01.688071",177,True,False,2,21,"RIGHT","[]",12,12
35,6,40,"2016-06-30 15:01:34.186493","2016-06-30 15:04:10.688950",96,True,False,1,10,"EASY","[]",11,11
24,6,47,"2016-06-30 14:47:33.745509","2016-06-30 14:48:58.266153",85,True,False,1,12,"EASY","[]",7,7
50,6,54,"2016-06-30 15:31:01.638736","2016-06-30 15:32:54.812643",113,True,False,1,15,"EASY","[]",13,13
22,8,16,"2016-06-30 14:43:44.016299","2016-06-30 14:50:06.697761",383,True,False,8,7,"RIGHT","[16, 3]",9,9
36,6,46,"2016-06-30 15:04:16.045244","2016-06-30 15:08:12.095599",236,True,False,1,10,"EASY","[]",11,11
25,6,29,"2016-06-30 14:49:00.095097","2016-06-30 14:51:50.446173",51,True,False,1,10,"EASY","[]",7,7
44,6,25,"2016-06-30 15:19:03.432965","2016-06-30 15:20:18.702695",75,True,False,1,7,"EASY","[]",12,12
58,9,56,"2016-07-04 07:27:16.475039","2016-07-04 07:27:38.935401",22,True,False,1,3,"EASY","[11, 13, 12, 1, 14, 15]",16,16
27,6,23,"2016-06-30 14:51:58.235597","2016-06-30 14:52:21.779077",24,True,False,1,6,"EASY","[]",10,10
51,6,27,"2016-06-30 15:32:56.587313","2016-06-30 15:33:23.469049",27,True,False,1,8,"EASY","[]",13,13
45,6,38,"2016-06-30 15:20:20.221578","2016-06-30 15:21:55.202308",95,True,False,2,14,"EASY","[]",12,12
37,6,30,"2016-06-30 15:08:16.815575","2016-06-30 15:12:12.964482",236,True,False,5,10,"RIGHT","[]",11,11
64,10,12,"2016-07-11 02:21:31.486371","2016-07-11 02:22:13.141153",42,True,False,1,7,"EASY","[]",17,17
52,6,50,"2016-06-30 15:33:25.080643","2016-06-30 15:34:19.077252",54,True,False,1,15,"EASY","[]",13,13
38,6,50,"2016-06-30 15:12:14.871236","2016-06-30 15:13:25.069164",70,True,False,1,15,"EASY","[]",11,11
65,10,16,"2016-07-11 02:22:15.626339","",0,False,False,0,"","UNKNOWN","[]",17,17
59,9,2,"2016-07-04 07:27:43.534920","2016-07-04 07:28:03.697826",20,True,False,1,7,"EASY","[2]",16,16
46,6,35,"2016-06-30 15:21:57.215275","2016-06-30 15:24:19.651326",142,True,False,5,20,"EASY","[]",12,12
53,6,42,"2016-06-30 15:34:25.970538","2016-06-30 15:35:13.743393",48,True,False,1,7,"EASY","[]",13,13
60,9,3,"2016-07-04 07:28:07.336895","",0,False,False,0,"","UNKNOWN","[]",16,16
47,6,44,"2016-06-30 15:24:26.204487","2016-06-30 15:28:47.683265",232,True,False,1,9,"EASY","[]",12,12
66,11,56,"2016-07-11 03:18:19.732859","",0,False,False,0,"","UNKNOWN","[11, 13, 12, 1, 14, 15]",18,18
54,6,39,"2016-06-30 15:35:15.563197","2016-06-30 15:35:50.667437",35,True,False,1,7,"EASY","[]",13,13
67,12,1,"2016-07-11 03:18:27.317360","",0,False,False,0,"","UNKNOWN","[11, 13, 12, 1, 14, 15]",19,19
61,10,1,"2016-07-11 02:18:17.701631","2016-07-11 02:20:08.715159",80,True,False,1,4,"EASY","[11, 13, 12, 1, 14, 15]",17,17
55,6,34,"2016-06-30 15:35:56.533124","2016-06-30 15:36:36.449455",40,True,False,1,12,"EASY","[]",13,13
56,6,22,"2016-06-30 15:36:40.498735","",0,False,False,0,"","UNKNOWN","[]",14,14
76,10,25,"2016-07-18 03:30:21.185412","",0,False,False,0,"","UNKNOWN","[]","",""
62,10,3,"2016-07-11 02:20:15.677089","2016-07-11 02:20:32.204184",16,True,False,1,6,"EASY","[2]",17,17
77,10,12,"2016-07-18 03:30:21.837006","",0,False,False,0,"","UNKNOWN","[]","",""
63,10,25,"2016-07-11 02:20:39.412258","2016-07-11 02:21:27.782341",49,True,False,1,7,"EASY","[16, 3]",17,17
68,13,56,"2016-07-15 03:51:30.138936","2016-07-15 04:15:22.136060",1431,True,False,2,3,"RIGHT","[11, 13, 12, 1, 14, 15]",20,20
69,13,2,"2016-07-15 04:15:26.778194","",0,False,False,0,"","UNKNOWN","[2]",20,20
70,14,56,"2016-07-15 15:02:44.506487","",0,False,False,0,"","UNKNOWN","[11, 13, 12, 1, 14, 15]",21,21
71,10,9,"2016-07-18 03:27:57.324357","",0,False,False,0,"","UNKNOWN","[]",22,22
72,10,1,"2016-07-18 03:29:45.687927","",0,False,False,0,"","UNKNOWN","[]","",""
73,10,3,"2016-07-18 03:29:52.585653","",0,False,False,0,"","UNKNOWN","[]","",""
78,15,1,"2016-07-18 03:44:06.939502","2016-07-18 03:44:29.318743",23,True,False,1,4,"UNKNOWN","[11, 13, 12, 1, 14, 15]",23,23
79,16,1,"2016-07-18 03:45:10.026502","2016-07-18 03:45:18.927546",9,False,True,0,"","VERY_DIFFICULT","[11, 13, 12, 1, 14, 15]",24,24
80,16,56,"2016-07-18 03:45:19.161148","2016-07-18 03:45:27.505320",9,False,True,0,"","VERY_DIFFICULT","[11, 13, 12, 1, 14, 15]",24,24
81,16,1,"2016-07-18 03:45:27.750204","2016-07-18 03:45:36.731751",9,False,True,0,"","VERY_DIFFICULT","[11, 13, 12, 1, 14, 15]",24,24
82,16,56,"2016-07-18 03:45:38.648856","2016-07-18 03:46:39.487952",61,False,True,0,"","VERY_DIFFICULT","[11, 13, 12, 1, 14, 15]",24,24
84,16,56,"2016-07-18 03:46:48.473478","",0,False,False,0,"","UNKNOWN","[11, 13, 12, 1, 14, 15]",24,24
83,16,1,"2016-07-18 03:46:39.740768","2016-07-18 03:46:48.214829",9,False,True,0,"","VERY_DIFFICULT","[11, 13, 12, 1, 14, 15]",24,24
85,14,56,"2016-07-18 07:53:36.409477","",0,False,False,0,"","UNKNOWN","[11, 13, 12, 1, 14, 15]",25,25
86,17,56,"2016-07-18 10:57:08.463838","2016-07-18 10:58:25.424068",77,True,False,1,3,"EASY","[11, 13, 12, 1, 14, 15]",26,26
87,17,3,"2016-07-18 10:58:33.733843","2016-07-18 10:58:52.878814",19,True,False,1,6,"RIGHT","[2]",26,26
115,27,23,"2016-07-24 15:50:57.925284","2016-07-24 15:52:41.163093",103,True,False,2,6,"EASY","[]",39,39
149,37,1,"2016-08-17 14:19:51.396977","",0,False,False,0,"","UNKNOWN","[11, 13, 12, 1, 14, 15]",66,66
88,17,26,"2016-07-18 10:59:02.029013","2016-07-18 11:01:29.428323",147,True,False,3,11,"DIFFICULT","[16, 3]",26,26
116,27,11,"2016-07-24 15:52:44.589153","2016-07-24 15:54:00.595991",76,True,False,2,7,"EASY","[]",39,39
89,17,20,"2016-07-18 11:01:33.558581","2016-07-18 11:02:02.779290",29,True,False,1,8,"EASY","[]",26,26
90,17,23,"2016-07-18 11:02:12.118721","",0,False,False,0,"","UNKNOWN","[]",26,26
92,19,56,"2016-07-20 07:34:53.217186","2016-07-20 07:36:13.969358",79,True,False,1,3,"UNKNOWN","[11, 13, 12, 1, 14, 15]",28,28
93,19,56,"2016-07-20 08:05:39.569598","",0,False,False,0,"","UNKNOWN","[]","",""
94,20,1,"2016-07-21 02:33:33.592408","",0,False,False,0,"","UNKNOWN","[11, 13, 12, 1, 14, 15]",29,29
95,21,56,"2016-07-21 02:47:32.456294","",0,False,False,0,"","UNKNOWN","[11, 13, 12, 1, 14, 15]",30,30
140,38,3,"2016-08-17 07:44:57.066848","2016-08-17 14:34:08.682856",22,True,False,1,6,"EASY","[]",58,58
96,22,56,"2016-07-21 02:49:15.418064","2016-07-21 02:50:41.521705",86,True,False,1,3,"EASY","[11, 13, 12, 1, 14, 15]",31,31
97,22,3,"2016-07-21 02:50:48.956532","",0,False,False,0,"","UNKNOWN","[2]",31,31
98,16,56,"2016-07-21 03:00:20.106345","",0,False,False,0,"","UNKNOWN","[11, 13, 12, 1, 14, 15]",32,32
117,27,25,"2016-07-24 15:54:02.915980","2016-07-24 15:55:07.305990",64,True,False,1,7,"EASY","[]",39,39
99,23,56,"2016-07-21 10:04:14.464047","2016-07-21 10:04:39.009362",24,True,False,1,3,"RIGHT","[11, 13, 12, 1, 14, 15]",33,33
118,27,37,"2016-07-24 15:55:22.451431","2016-07-24 15:57:40.178943",137,False,False,1,9,"UNKNOWN","[19, 4, 5, 6]",40,40
119,28,56,"2016-07-25 01:37:04.344281","",0,False,False,0,"","UNKNOWN","[11, 13, 12, 1, 14, 15]",41,41
100,23,3,"2016-07-21 10:04:46.586323","2016-07-21 10:08:32.303123",226,True,False,1,6,"RIGHT","[2]",33,33
101,23,11,"2016-07-21 10:08:40.312480","",0,False,False,0,"","UNKNOWN","[16, 3]",33,33
102,24,1,"2016-07-21 19:50:13.370271","2016-07-21 19:56:32.035334",377,False,False,1,1,"UNKNOWN","[11, 13, 12, 1, 14, 15]",34,34
120,29,1,"2016-07-25 05:02:43.753858","",0,False,False,0,"","UNKNOWN","[11, 13, 12, 1, 14, 15]",42,42
121,30,1,"2016-07-27 14:57:56.374268","",0,False,False,0,"","UNKNOWN","[11, 13, 12, 1, 14, 15]",43,43
122,31,56,"2016-07-28 00:04:41.561052","",0,False,False,0,"","UNKNOWN","[11, 13, 12, 1, 14, 15]",44,44
103,20,1,"2016-07-22 01:35:29.839431","2016-07-22 01:35:55.211525",25,True,False,2,4,"EASY","[11, 13, 12, 1, 14, 15]",35,35
104,20,3,"2016-07-22 01:36:01.369159","2016-07-22 01:36:13.684707",13,True,False,1,6,"DIFFICULT","[2]",35,35
105,20,20,"2016-07-22 01:36:15.153699","",0,False,False,0,"","UNKNOWN","[16, 3]",35,35
106,25,56,"2016-07-24 04:16:12.705096","",0,False,False,0,"","UNKNOWN","[11, 13, 12, 1, 14, 15]",36,36
162,44,16,"2016-08-18 03:38:53.184784","2016-08-18 03:40:10.145727",77,True,False,4,7,"EASY","[16, 3]",71,71
156,38,55,"2016-08-17 14:36:49.843265","2016-08-17 14:37:10.745158",21,True,False,1,7,"EASY","[]",58,58
123,1,1,"2016-07-30 05:08:01.622602","2016-07-30 05:28:54.983238",1252,True,False,2,4,"EASY","[11, 13, 12, 1, 14, 15]",45,45
107,26,56,"2016-07-24 11:09:08.538684","2016-07-24 11:09:51.073588",42,True,False,2,3,"EASY","[11, 13, 12, 1, 14, 15]",37,37
124,1,3,"2016-07-30 05:28:58.047740","",0,False,False,0,"","UNKNOWN","[2]",45,45
125,32,56,"2016-08-03 09:26:24.506457","",0,False,False,0,"","UNKNOWN","[11, 13, 12, 1, 14, 15]",46,46
108,26,2,"2016-07-24 11:09:57.645878","2016-07-24 11:10:32.780038",35,True,False,1,7,"EASY","[2]",37,37
109,26,25,"2016-07-24 11:10:34.650823","2016-07-24 11:11:00.920342",26,False,False,2,5,"UNKNOWN","[16, 3]",37,37
110,14,56,"2016-07-24 14:10:32.098271","",0,False,False,0,"","UNKNOWN","[11, 13, 12, 1, 14, 15]",38,38
127,10,19,"2016-08-04 03:39:53.691316","",0,False,False,0,"","UNKNOWN","[4, 5]",48,48
128,32,1,"2016-08-08 14:11:04.646244","",0,False,False,0,"","UNKNOWN","[11, 13, 12, 1, 14, 15]",49,49
129,34,56,"2016-08-08 14:11:06.724975","",0,False,False,0,"","UNKNOWN","[11, 13, 12, 1, 14, 15]",50,50
130,35,56,"2016-08-09 01:57:38.500760","",0,False,False,0,"","UNKNOWN","[11, 13, 12, 1, 14, 15]",51,51
111,27,1,"2016-07-24 15:47:08.084539","2016-07-24 15:48:50.405943",102,True,False,3,4,"EASY","[11, 13, 12, 1, 14, 15]",39,39
131,36,56,"2016-08-10 02:41:32.747593","",0,False,False,0,"","UNKNOWN","[11, 13, 12, 1, 14, 15]",52,52
132,10,54,"2016-08-11 03:20:18.620727","",0,False,False,0,"","UNKNOWN","[19, 4, 5]",53,53
112,27,2,"2016-07-24 15:48:55.512619","2016-07-24 15:49:28.814389",33,True,False,1,7,"EASY","[2]",39,39
133,37,56,"2016-08-15 06:02:49.524661","",0,False,False,0,"","UNKNOWN","[11, 13, 12, 1, 14, 15]",54,54
113,27,3,"2016-07-24 15:49:31.468138","2016-07-24 15:49:49.895026",19,True,False,1,6,"EASY","[]",39,39
151,38,11,"2016-08-17 14:34:12.003664","2016-08-17 14:34:36.285314",24,True,False,1,7,"EASY","[16, 3]",58,58
114,27,20,"2016-07-24 15:49:55.443839","2016-07-24 15:50:52.358107",57,True,False,2,8,"EASY","[16, 3]",39,39
157,49,1,"2016-08-17 14:43:14.926802","",0,False,False,0,"","UNKNOWN","[11, 13, 12, 1, 14, 15]",68,68
152,38,12,"2016-08-17 14:34:45.203737","2016-08-17 14:35:07.879347",23,True,False,1,8,"EASY","[]",58,58
134,38,56,"2016-08-15 06:03:18.897730","2016-08-15 06:42:50.003970",19,True,False,1,3,"RIGHT","[11, 13, 12, 1, 14, 15]",55,55
159,51,56,"2016-08-17 14:59:35.166125","",0,False,False,0,"","UNKNOWN","[11, 13, 12, 1, 14, 15]",70,70
137,38,2,"2016-08-15 06:43:00.218828","2016-08-15 06:43:20.268332",20,True,False,1,7,"EASY","[2]",55,55
138,38,18,"2016-08-15 06:43:25.437712","",0,False,False,0,"","UNKNOWN","[16, 3]",55,55
139,40,56,"2016-08-15 07:31:02.891439","",0,False,False,0,"","UNKNOWN","[11, 13, 12, 1, 14, 15]",57,57
141,41,56,"2016-08-17 07:45:07.763405","",0,False,False,0,"","UNKNOWN","[11, 13, 12, 1, 14, 15]",59,59
142,42,1,"2016-08-17 09:24:21.325482","",0,False,False,0,"","UNKNOWN","[11, 13, 12, 1, 14, 15]",60,60
143,43,1,"2016-08-17 09:52:03.201918","",0,False,False,0,"","UNKNOWN","[11, 13, 12, 1, 14, 15]",61,61
144,44,56,"2016-08-17 09:54:53.245011","",0,False,False,0,"","UNKNOWN","[11, 13, 12, 1, 14, 15]",62,62
145,45,1,"2016-08-17 09:58:44.749213","",0,False,False,0,"","UNKNOWN","[11, 13, 12, 1, 14, 15]",63,63
147,47,56,"2016-08-17 10:16:25.327917","",0,False,False,0,"","UNKNOWN","[11, 13, 12, 1, 14, 15]",64,64
153,38,19,"2016-08-17 14:35:14.302405","2016-08-17 14:35:31.258202",17,True,False,1,4,"EASY","[4, 5]",58,58
154,38,15,"2016-08-17 14:35:35.569417","2016-08-17 14:36:02.277553",27,True,False,1,8,"EASY","[6]",58,58
160,44,1,"2016-08-18 03:37:52.211723","2016-08-18 03:38:23.119500",19,True,False,1,4,"EASY","[11, 13, 12, 1, 14, 15]",71,71
155,38,27,"2016-08-17 14:36:06.429010","2016-08-17 14:36:30.382460",24,True,False,1,8,"EASY","[]",58,58
174,52,56,"2016-08-18 03:54:07.769088","",0,False,False,0,"","UNKNOWN","[11, 13, 12, 1, 14, 15]",73,73
163,44,20,"2016-08-18 03:40:12.615047","2016-08-18 03:40:32.063403",19,True,False,1,8,"EASY","[]",71,71
161,44,2,"2016-08-18 03:38:28.447351","2016-08-18 03:38:50.950880",23,True,False,1,7,"EASY","[2]",71,71
166,44,23,"2016-08-18 03:41:40.324855","2016-08-18 03:42:01.591729",21,True,False,1,6,"EASY","[]",71,71
168,44,25,"2016-08-18 03:43:29.356522","2016-08-18 03:44:04.423811",35,True,False,2,7,"EASY","[]",72,72
164,44,19,"2016-08-18 03:40:34.135029","2016-08-18 03:40:55.430554",21,True,False,1,4,"EASY","[4, 5]",71,71
171,44,37,"2016-08-18 03:46:56.649982","2016-08-18 03:48:24.464803",88,True,False,1,15,"EASY","[19]",72,72
165,44,27,"2016-08-18 03:41:04.609992","2016-08-18 03:41:35.933314",31,True,False,1,8,"EASY","[]",71,71
167,44,55,"2016-08-18 03:42:17.419060","2016-08-18 03:43:20.905651",64,True,False,1,7,"EASY","[6]",72,72
170,44,26,"2016-08-18 03:46:14.077904","2016-08-18 03:46:53.160823",39,True,False,1,11,"EASY","[]",72,72
169,44,53,"2016-08-18 03:44:08.869572","2016-08-18 03:46:07.358898",33,True,False,1,9,"EASY","[]",72,72
172,44,24,"2016-08-18 03:50:11.356410","2016-08-18 03:52:09.815714",118,True,False,1,7,"EASY","[]",72,72
173,44,39,"2016-08-18 03:52:14.623506","2016-08-18 03:58:44.826816",390,True,False,1,7,"EASY","[]",72,72
175,44,42,"2016-08-18 03:59:01.682328","2016-08-18 04:00:13.496449",72,True,False,4,7,"EASY","[18]",74,74
176,44,45,"2016-08-18 04:00:21.182967","2016-08-18 10:44:51.448351",238,True,False,6,19,"RIGHT","[17, 7, 8]",74,74
177,44,14,"2016-08-18 10:44:53.780190","2016-08-18 10:45:55.868399",62,True,False,2,7,"EASY","[]",74,74
178,44,30,"2016-08-18 10:45:58.557975","2016-08-18 10:49:45.194834",227,True,False,1,10,"RIGHT","[9]",74,74
179,44,28,"2016-08-18 10:49:49.757925","",0,False,False,0,"","UNKNOWN","[]",74,74
180,53,56,"2016-08-21 02:44:26.283597","",0,False,False,0,"","UNKNOWN","[11, 13, 12, 1, 14, 15]",75,75
181,54,1,"2016-08-21 06:56:28.760521","",0,False,False,0,"","UNKNOWN","[11, 13, 12, 1, 14, 15]",76,76
182,44,3,"2016-08-23 07:41:04.511980","2016-08-23 07:42:24.767481",18,True,False,1,6,"EASY","[]",77,77
183,44,53,"2016-08-23 07:42:46.892306","2016-08-23 07:43:22.902049",36,True,False,1,9,"EASY","[]",77,77
240,69,23,"2016-09-06 15:44:23.434639","2016-09-06 15:46:03.275094",100,True,False,1,6,"RIGHT","[]",101,101
213,59,8,"2016-09-04 07:57:44.677811","2016-09-04 07:57:49.189481",5,False,True,0,"","VERY_DIFFICULT","[2]",89,89
184,44,5,"2016-08-23 07:43:27.789714","2016-08-23 07:45:08.630607",90,True,False,2,21,"EASY","[]",77,77
185,44,37,"2016-08-23 07:45:13.629022","",0,False,False,0,"","UNKNOWN","[]",77,77
186,53,56,"2016-08-25 03:34:55.276211","",0,False,False,0,"","UNKNOWN","[11, 13, 12, 1, 14, 15]","",""
187,55,1,"2016-08-29 03:54:24.431489","",0,False,False,0,"","UNKNOWN","[11, 13, 12, 1, 14, 15]",78,78
188,56,56,"2016-08-29 05:05:22.803145","",0,False,False,0,"","UNKNOWN","[11, 13, 12, 1, 14, 15]",79,79
189,55,1,"2016-08-30 01:32:09.573011","",0,False,False,0,"","UNKNOWN","[11, 13, 12, 1, 14, 15]",80,80
190,55,56,"2016-09-01 05:41:36.345650","",0,False,False,0,"","UNKNOWN","[11, 13, 12, 1, 14, 15]",81,81
250,70,37,"2016-09-06 17:07:24.067421","",0,False,False,0,"","UNKNOWN","[19, 6]",104,104
192,44,45,"2016-09-01 06:21:22.769740","2016-09-01 06:24:55.359053",179,True,False,3,19,"RIGHT","[]",83,83
214,59,3,"2016-09-04 07:57:49.575479","2016-09-04 07:58:21.294326",32,True,False,1,6,"RIGHT","[2]",89,89
215,59,18,"2016-09-04 07:58:26.630582","",0,False,False,0,"","UNKNOWN","[16, 3]",89,89
216,61,56,"2016-09-04 08:00:44.426363","",0,False,False,0,"","UNKNOWN","[11, 13, 12, 1, 14, 15]",90,90
193,44,31,"2016-09-01 06:25:01.507539","2016-09-01 06:29:30.956117",269,True,False,2,7,"RIGHT","[]",83,83
217,1,4,"2016-09-04 08:07:27.310324","",0,False,False,0,"","UNKNOWN","[2]",91,91
218,62,1,"2016-09-05 03:13:38.988387","",0,False,False,0,"","UNKNOWN","[11, 13, 12, 1, 14, 15]",92,92
194,44,18,"2016-09-01 06:29:39.723638","2016-09-01 06:29:50.888505",11,True,False,1,4,"EASY","[]",83,83
234,69,1,"2016-09-06 15:28:36.335664","2016-09-06 15:29:43.696752",67,True,False,2,4,"RIGHT","[11, 13, 12, 1, 14, 15]",101,101
195,44,47,"2016-09-01 06:29:54.926979","2016-09-01 06:30:51.997444",57,True,False,1,12,"RIGHT","[]",83,83
251,71,1,"2016-09-07 13:34:24.804725","",0,False,False,0,"","UNKNOWN","[11, 13, 12, 1, 14, 15]",105,105
196,44,33,"2016-09-01 06:30:56.779944","2016-09-01 06:32:09.320617",72,True,False,1,16,"RIGHT","[]",83,83
219,63,1,"2016-09-05 05:11:15.260679","2016-09-05 05:11:44.906084",29,True,False,2,4,"DIFFICULT","[11, 13, 12, 1, 14, 15]",93,93
220,63,8,"2016-09-05 05:12:03.539214","",0,False,False,0,"","UNKNOWN","[2]",93,93
198,58,1,"2016-09-01 06:32:31.036896","2016-09-01 06:33:34.779612",64,True,False,1,4,"EASY","[11, 13, 12, 1, 14, 15]",84,84
221,64,1,"2016-09-05 06:45:55.565185","",0,False,False,0,"","UNKNOWN","[11, 13, 12, 1, 14, 15]",94,94
199,58,3,"2016-09-01 06:33:46.526116","2016-09-01 06:34:19.739454",33,True,False,1,6,"EASY","[2]",84,84
245,70,11,"2016-09-06 16:59:49.378122","2016-09-06 17:00:42.282429",52,True,False,2,7,"EASY","[]",103,103
235,69,2,"2016-09-06 15:29:56.641374","2016-09-06 15:30:28.971921",32,True,False,1,7,"RIGHT","[2]",101,101
200,58,20,"2016-09-01 06:34:38.984094","2016-09-01 06:38:56.644982",258,True,False,4,8,"RIGHT","[16, 3]",84,84
252,44,29,"2016-09-08 02:17:32.109101","",0,False,False,0,"","UNKNOWN","[]",106,106
223,44,45,"2016-09-05 06:46:03.393945","2016-09-05 06:51:04.391325",301,True,False,5,19,"RIGHT","[]",96,96
201,58,12,"2016-09-01 06:39:06.631408","2016-09-01 06:39:56.443299",50,True,False,1,8,"EASY","[]",84,84
202,58,19,"2016-09-01 06:40:07.345460","2016-09-01 10:03:41.196842",8355,True,False,1,4,"EASY","[4, 5]",84,84
236,69,16,"2016-09-06 15:30:58.022848","2016-09-06 15:33:47.335769",169,False,True,2,5,"VERY_DIFFICULT","[16, 3]",101,101
224,44,32,"2016-09-05 06:51:08.150383","2016-09-05 06:51:47.689467",40,True,False,1,10,"EASY","[]",96,96
225,44,33,"2016-09-05 06:51:52.838326","",0,False,False,0,"","UNKNOWN","[]",96,96
203,58,54,"2016-09-01 10:03:54.108258","2016-09-01 10:09:50.540652",355,True,False,3,15,"RIGHT","[19]",84,84
204,58,42,"2016-09-01 10:09:57.436197","",0,False,False,0,"","UNKNOWN","[18]",84,84
197,44,53,"2016-09-01 06:32:17.451885","2016-09-01 11:33:46.671129",38,True,False,1,9,"EASY","[]",83,83
205,44,45,"2016-09-01 11:33:49.260214","",0,False,False,0,"","UNKNOWN","[]",83,83
206,44,53,"2016-09-01 11:34:14.100097","",0,False,False,0,"","UNKNOWN","[]","",""
207,55,56,"2016-09-02 00:53:18.485755","",0,False,False,0,"","UNKNOWN","[11, 13, 12, 1, 14, 15]",85,85
208,55,1,"2016-09-02 00:53:18.504341","",0,False,False,0,"","UNKNOWN","[11, 13, 12, 1, 14, 15]",86,86
209,59,1,"2016-09-03 15:07:03.091474","",0,False,False,0,"","UNKNOWN","[11, 13, 12, 1, 14, 15]",87,87
256,72,26,"2016-09-09 04:28:39.380170","2016-09-09 04:30:31.003024",112,True,False,1,11,"RIGHT","[]",107,107
210,60,56,"2016-09-04 07:19:17.259457","2016-09-04 07:20:36.147636",24,True,False,1,3,"RIGHT","[11, 13, 12, 1, 14, 15]",88,88
211,60,1,"2016-09-04 07:20:44.957062","",0,False,False,0,"","UNKNOWN","[]",88,88
226,66,56,"2016-09-05 08:01:36.127010","2016-09-05 08:02:33.935052",58,True,False,2,3,"EASY","[11, 13, 12, 1, 14, 15]",97,97
212,59,1,"2016-09-04 07:56:38.703474","2016-09-04 07:57:34.203219",56,True,False,1,4,"RIGHT","[11, 13, 12, 1, 14, 15]","",""
241,69,53,"2016-09-06 15:46:28.139723","2016-09-06 15:53:04.156737",396,False,False,7,5,"RIGHT","[4, 5]",102,102
237,69,18,"2016-09-06 15:33:47.626052","2016-09-06 15:36:40.831726",54,True,False,3,4,"RIGHT","[16, 3]",101,101
227,66,3,"2016-09-05 08:02:39.422022","2016-09-05 08:03:24.711375",45,True,False,2,6,"RIGHT","[2]",97,97
228,66,26,"2016-09-05 08:03:34.060264","",0,False,False,0,"","UNKNOWN","[16, 3]",97,97
229,44,50,"2016-09-06 06:43:46.837038","",0,False,False,0,"","UNKNOWN","[]",98,98
246,70,27,"2016-09-06 17:00:46.845780","2016-09-06 17:02:16.013833",89,True,False,3,8,"RIGHT","[4, 5]",103,103
230,67,1,"2016-09-06 07:12:44.815779","2016-09-06 07:13:32.862148",48,True,False,1,4,"EASY","[11, 13, 12, 1, 14, 15]",99,99
238,69,20,"2016-09-06 15:36:46.946624","2016-09-06 15:37:28.615524",42,True,False,1,8,"RIGHT","[]",101,101
231,67,2,"2016-09-06 07:13:38.495371","2016-09-06 07:15:45.108617",127,True,False,1,7,"EASY","[2]",99,99
232,67,11,"2016-09-06 07:15:52.984021","",0,False,False,0,"","UNKNOWN","[16, 3]",99,99
242,70,1,"2016-09-06 16:04:48.080697","2016-09-06 16:05:17.741380",29,True,False,1,4,"EASY","[11, 13, 12, 1, 14, 15]",103,103
253,72,1,"2016-09-09 04:26:05.920151","2016-09-09 04:27:12.742273",67,True,False,1,4,"EASY","[11, 13, 12, 1, 14, 15]",107,107
243,70,3,"2016-09-06 16:57:51.227357","2016-09-06 16:58:21.990823",30,True,False,1,6,"EASY","[2]",103,103
239,69,54,"2016-09-06 15:37:37.841089","2016-09-06 15:44:23.119738",405,False,True,4,14,"VERY_DIFFICULT","[19, 4, 5]",101,101
247,70,16,"2016-09-06 17:02:20.713785","2016-09-06 17:04:10.255468",108,True,False,1,7,"EASY","[]",103,103
244,70,23,"2016-09-06 16:58:27.896769","2016-09-06 16:59:44.747850",76,True,False,2,6,"EASY","[16, 3]",103,103
254,72,2,"2016-09-09 04:27:17.464337","2016-09-09 04:27:36.934357",20,True,False,1,7,"EASY","[2]",107,107
248,70,53,"2016-09-06 17:04:15.150148","2016-09-06 17:05:40.652439",85,True,False,1,9,"EASY","[]",103,103
249,70,12,"2016-09-06 17:06:09.850119","2016-09-06 17:07:20.717864",68,True,False,1,8,"EASY","[]",104,104
257,72,18,"2016-09-09 04:30:46.349960","2016-09-09 04:31:18.651329",33,True,False,1,4,"RIGHT","[]",107,107
255,72,12,"2016-09-09 04:27:41.831851","2016-09-09 04:28:31.804580",50,True,False,1,8,"EASY","[16, 3]",107,107
259,72,53,"2016-09-09 04:39:36.184978","2016-09-09 04:40:35.935854",60,True,False,1,9,"RIGHT","[4, 5]",107,107
262,72,54,"2016-09-09 04:43:53.695585","2016-09-09 04:46:11.063916",138,False,False,1,15,"UNKNOWN","[]",108,108
258,72,42,"2016-09-09 04:31:22.104400","2016-09-09 04:39:35.882954",494,False,True,1,7,"VERY_DIFFICULT","[18, 19, 4, 5]",107,107
260,72,42,"2016-09-09 04:40:45.516762","2016-09-09 04:42:31.130952",106,True,False,1,7,"RIGHT","[18, 19]","",""
261,72,25,"2016-09-09 04:42:39.373533","2016-09-09 04:43:51.474028",72,True,False,2,7,"RIGHT","[]",108,108
264,69,20,"2016-09-10 10:09:52.215293","",0,False,False,0,"","UNKNOWN","[]",110,110
263,63,3,"2016-09-09 12:56:30.425868","2016-09-09 12:56:49.316377",19,False,False,5,2,"UNKNOWN","[2]",109,109
265,69,23,"2016-09-12 09:07:11.059621","",0,False,False,0,"","UNKNOWN","[]",111,111
266,73,56,"2016-09-16 01:23:24.367592","",0,False,False,0,"","UNKNOWN","[11, 13, 12, 1, 14, 15]",112,112
267,74,56,"2016-09-17 02:24:29.390831","2016-09-17 02:24:44.522502",15,True,False,1,3,"EASY","[11, 13, 12, 1, 14, 15]",113,113
268,74,3,"2016-09-17 02:24:49.037939","2016-09-17 02:25:05.687289",17,True,False,1,6,"EASY","[2]",113,113
269,74,16,"2016-09-17 02:25:08.290611","2016-09-17 02:26:12.977402",36,True,False,1,7,"EASY","[16, 3]",113,113
317,76,39,"2016-10-11 08:57:50.207318","2016-10-11 09:05:23.109733",453,True,False,4,7,"DIFFICULT","[6]",135,135
299,85,53,"2016-10-03 09:17:25.488525","2016-10-03 09:18:18.073520",53,True,False,1,9,"RIGHT","[4, 5]",128,128
270,74,25,"2016-09-17 02:26:15.126203","2016-09-17 02:26:40.515368",25,True,False,1,7,"EASY","[]",113,113
328,92,26,"2016-10-24 15:26:22.044357","2016-10-24 15:42:31.165364",736,True,False,6,11,"RIGHT","[16, 3]",143,143
271,74,53,"2016-09-17 02:26:43.603563","2016-09-17 02:27:43.616658",60,True,False,2,9,"EASY","[4, 5]",113,113
300,85,26,"2016-10-03 09:18:19.762068","2016-10-03 09:19:13.629271",54,True,False,1,11,"RIGHT","[]",128,128
301,85,39,"2016-10-03 09:19:15.683182","",0,False,False,0,"","UNKNOWN","[19, 6]",128,128
302,76,3,"2016-10-03 15:05:08.670151","",0,False,False,0,"","UNKNOWN","[2]",129,129
303,86,56,"2016-10-04 02:59:50.007390","",0,False,False,0,"","UNKNOWN","[11, 13, 12, 1, 14, 15]",130,130
272,74,20,"2016-09-17 02:27:45.713503","2016-09-17 02:29:04.191257",78,True,False,4,8,"EASY","[]",113,113
304,76,1,"2016-10-04 06:54:51.703006","2016-10-04 11:32:14.015523",8,True,False,1,4,"EASY","[]",131,131
273,74,15,"2016-09-17 02:29:05.848764","2016-09-17 02:29:41.470806",36,True,False,1,7,"EASY","[6]",113,113
274,74,12,"2016-09-17 02:29:59.396823","",0,False,False,0,"","UNKNOWN","[]",114,114
275,74,20,"2016-09-17 02:30:23.616316","",0,False,False,0,"","UNKNOWN","[]","",""
276,74,53,"2016-09-17 02:30:32.980298","",0,False,False,0,"","UNKNOWN","[]","",""
277,74,2,"2016-09-19 07:43:46.941749","",0,False,False,0,"","UNKNOWN","[]",115,115
278,69,18,"2016-09-20 05:50:23.022062","2016-09-20 11:52:23.173920",1950,True,False,1,4,"UNKNOWN","[]",116,116
279,75,1,"2016-09-24 06:58:35.210752","",0,False,False,0,"","UNKNOWN","[11, 13, 12, 1, 14, 15]",117,117
305,76,3,"2016-10-04 11:32:16.135145","",0,False,False,0,"","UNKNOWN","[2]",131,131
280,76,1,"2016-09-25 13:40:43.756588","2016-09-25 13:41:02.847009",18,True,False,1,4,"UNKNOWN","[11, 13, 12, 1, 14, 15]",118,118
281,76,2,"2016-09-26 15:03:24.148523","",0,False,False,0,"","UNKNOWN","[2]",119,119
306,87,56,"2016-10-05 00:50:05.356871","",0,False,False,0,"","UNKNOWN","[11, 13, 12, 1, 14, 15]",132,132
307,88,1,"2016-10-05 12:19:47.258954","",0,False,False,0,"","UNKNOWN","[11, 13, 12, 1, 14, 15]",133,133
282,77,56,"2016-09-27 11:16:04.399460","2016-09-27 11:19:09.247728",180,True,False,1,3,"EASY","[11, 13, 12, 1, 14, 15]",120,120
283,77,3,"2016-09-27 11:19:21.714887","2016-09-27 11:19:51.477536",28,True,False,1,6,"EASY","[2]",120,120
352,100,56,"2016-11-02 07:45:10.894749","",0,False,False,0,"","UNKNOWN","[11, 13, 12, 1, 14, 15]",156,156
318,76,11,"2016-10-11 09:06:23.685036","2016-10-11 09:07:36.308435",73,True,False,3,7,"EASY","[]",136,136
284,77,11,"2016-09-27 11:20:04.048378","2016-09-27 11:20:52.220500",48,True,False,1,7,"EASY","[16, 3]",120,120
285,77,20,"2016-09-27 11:20:57.175737","2016-09-27 11:21:52.139243",43,False,False,1,8,"UNKNOWN","[]",120,120
286,78,56,"2016-09-29 13:55:00.411669","",0,False,False,0,"","UNKNOWN","[11, 13, 12, 1, 14, 15]",121,121
287,79,56,"2016-09-30 01:48:31.317024","",0,False,False,0,"","UNKNOWN","[11, 13, 12, 1, 14, 15]",122,122
311,86,56,"2016-10-11 07:22:19.816259","",0,False,False,0,"","UNKNOWN","[11, 13, 12, 1, 14, 15]","",""
288,80,56,"2016-09-30 12:32:04.978524","2016-09-30 12:59:29.664220",1644,True,False,2,3,"DIFFICULT","[11, 13, 12, 1, 14, 15]",123,123
289,80,8,"2016-09-30 12:59:37.088958","2016-09-30 13:00:25.109982",48,False,False,1,6,"UNKNOWN","[2]",123,123
290,81,1,"2016-09-30 13:31:24.381154","2016-09-30 13:31:29.225086",5,False,False,1,1,"UNKNOWN","[11, 13, 12, 1, 14, 15]",124,124
291,82,1,"2016-10-01 02:38:31.950797","",0,False,False,0,"","UNKNOWN","[11, 13, 12, 1, 14, 15]","",""
292,75,1,"2016-10-01 15:13:17.618280","",0,False,False,0,"","UNKNOWN","[11, 13, 12, 1, 14, 15]",125,125
293,83,56,"2016-10-03 07:05:46.641865","",0,False,False,0,"","UNKNOWN","[11, 13, 12, 1, 14, 15]",126,126
294,84,1,"2016-10-03 08:30:45.011045","",0,False,False,0,"","UNKNOWN","[11, 13, 12, 1, 14, 15]",127,127
319,76,37,"2016-10-11 09:07:39.585635","",0,False,False,0,"","UNKNOWN","[]",136,136
310,76,3,"2016-10-11 06:32:22.017353","2016-10-11 08:48:28.284197",18,True,False,1,6,"EASY","[2]",135,135
295,85,56,"2016-10-03 09:14:42.512323","2016-10-03 09:15:15.882986",34,True,False,2,3,"EASY","[11, 13, 12, 1, 14, 15]",128,128
321,76,56,"2016-10-13 15:36:42.879202","",0,False,False,0,"","UNKNOWN","[]",138,138
322,76,11,"2016-10-18 16:17:31.510367","",0,False,False,0,"","UNKNOWN","[]",139,139
296,85,2,"2016-10-03 09:15:21.809580","2016-10-03 09:15:44.794667",23,True,False,2,7,"RIGHT","[2]",128,128
312,76,18,"2016-10-11 08:48:34.057983","2016-10-11 08:48:52.549019",18,True,False,1,4,"EASY","[16, 3]",135,135
323,91,1,"2016-10-19 12:54:49.011457","",0,False,False,0,"","UNKNOWN","[11, 13, 12, 1, 14, 15]",140,140
297,85,23,"2016-10-03 09:15:52.102421","2016-10-03 09:16:49.366556",57,True,False,2,6,"RIGHT","[16, 3]",128,128
313,76,54,"2016-10-11 08:48:58.341637","2016-10-11 08:53:03.189322",245,True,False,1,15,"RIGHT","[19, 4, 5]",135,135
298,85,11,"2016-10-03 09:16:52.208801","2016-10-03 09:17:23.319871",31,True,False,1,7,"RIGHT","[]",128,128
314,76,16,"2016-10-11 08:53:07.775670","2016-10-11 08:54:36.905807",89,True,False,1,7,"RIGHT","[]",135,135
353,101,56,"2016-11-02 10:43:07.714960","",0,False,False,0,"","UNKNOWN","[11, 13, 12, 1, 14, 15]",157,157
329,92,25,"2016-10-24 15:42:48.718725","2016-10-24 15:45:21.552565",153,True,False,2,7,"RIGHT","[]",143,143
315,76,42,"2016-10-11 08:54:41.922092","2016-10-11 08:56:13.347860",91,True,False,1,7,"RIGHT","[18]",135,135
325,91,1,"2016-10-24 15:22:04.439817","2016-10-24 15:24:17.506447",47,True,False,2,5,"UNKNOWN","[11, 13, 12, 1, 14, 15]",142,142
316,76,26,"2016-10-11 08:56:19.390526","2016-10-11 08:57:44.600971",85,True,False,1,11,"EASY","[]",135,135
342,96,26,"2016-10-29 06:34:12.873273","2016-10-29 06:41:30.481176",437,True,False,8,11,"DIFFICULT","[16, 3]",149,149
335,94,1,"2016-10-26 13:45:17.548872","2016-10-26 13:49:09.772926",62,True,False,1,4,"EASY","[11, 13, 12, 1, 14, 15]",146,146
326,92,56,"2016-10-24 15:23:08.352989","2016-10-24 15:24:55.121618",105,True,False,2,3,"EASY","[11, 13, 12, 1, 14, 15]",143,143
336,94,2,"2016-10-26 13:49:14.193601","",0,False,False,0,"","UNKNOWN","[2]",146,146
330,92,23,"2016-10-24 15:45:27.292152","2016-10-24 15:49:34.886977",248,True,False,2,6,"RIGHT","[]",143,143
327,92,2,"2016-10-24 15:25:29.882247","2016-10-24 15:26:14.200000",44,True,False,2,7,"EASY","[2]",143,143
341,96,3,"2016-10-29 06:32:09.434283","2016-10-29 06:33:56.862170",107,True,False,2,6,"RIGHT","[2]",149,149
331,92,27,"2016-10-24 15:49:41.907280","2016-10-24 15:52:22.750378",161,True,False,1,8,"EASY","[4, 5]",143,143
337,95,1,"2016-10-27 05:14:09.781215","2016-10-27 05:14:37.021655",27,True,False,2,4,"EASY","[11, 13, 12, 1, 14, 15]",147,147
338,95,56,"2016-10-27 05:14:39.299707","",0,False,False,0,"","UNKNOWN","[]",147,147
332,92,54,"2016-10-24 15:52:28.272624","2016-10-24 15:58:09.778441",341,True,False,4,15,"RIGHT","[19]",143,143
333,92,37,"2016-10-24 15:58:34.725517","",0,False,False,0,"","UNKNOWN","[6]",144,144
343,96,23,"2016-10-29 06:41:37.161980","2016-10-29 06:42:10.846719",34,False,False,1,4,"UNKNOWN","[]",149,149
344,96,23,"2016-10-30 07:45:07.634888","",0,False,False,0,"","UNKNOWN","[]","",""
340,96,1,"2016-10-29 06:31:36.590667","2016-10-29 06:32:03.010242",26,True,False,2,4,"RIGHT","[11, 13, 12, 1, 14, 15]",149,149
346,97,1,"2016-10-31 06:23:56.353958","",0,False,False,0,"","UNKNOWN","[11, 13, 12, 1, 14, 15]",151,151
347,98,1,"2016-11-01 04:36:50.921455","",0,False,False,0,"","UNKNOWN","[11, 13, 12, 1, 14, 15]",152,152
354,76,39,"2016-11-03 14:59:17.889203","",0,False,False,0,"","UNKNOWN","[]",158,158
350,76,47,"2016-11-01 04:59:39.564733","",0,False,False,0,"","UNKNOWN","[17, 7]",154,154
351,99,1,"2016-11-02 04:01:03.080336","",0,False,False,0,"","UNKNOWN","[11, 13, 12, 1, 14, 15]",155,155
355,102,1,"2016-11-08 13:51:58.371542","",0,False,False,0,"","UNKNOWN","[11, 13, 12, 1, 14, 15]",159,159
356,103,56,"2016-11-08 13:52:12.706793","",0,False,False,0,"","UNKNOWN","[11, 13, 12, 1, 14, 15]",160,160
358,104,1,"2016-11-11 08:21:46.423697","",0,False,False,0,"","UNKNOWN","[11, 13, 12, 1, 14, 15]",162,162
357,102,56,"2016-11-09 07:37:21.695789","2016-11-09 07:38:07.714462",45,False,False,6,2,"UNKNOWN","[11, 13, 12, 1, 14, 15]",161,161
359,105,56,"2016-11-13 11:05:54.421658","",0,False,False,0,"","UNKNOWN","[11, 13, 12, 1, 14, 15]",163,163
360,106,56,"2016-11-15 09:37:38.965692","",0,False,False,0,"","UNKNOWN","[11, 13, 12, 1, 14, 15]",164,164
361,102,56,"2016-11-15 13:35:38.618151","",0,False,False,0,"","UNKNOWN","[11, 13, 12, 1, 14, 15]",165,165
362,103,1,"2016-11-15 13:35:46.834807","",0,False,False,0,"","UNKNOWN","[11, 13, 12, 1, 14, 15]",166,166
363,106,1,"2016-11-20 15:09:07.018994","",0,False,False,0,"","UNKNOWN","[11, 13, 12, 1, 14, 15]",167,167
364,107,1,"2016-12-01 03:40:04.805674","2016-12-01 03:40:39.204399",33,True,False,1,4,"RIGHT","[11, 13, 12, 1, 14, 15]",168,168
365,107,3,"2016-12-01 03:41:09.080355","2016-12-01 03:41:26.111967",17,True,False,1,6,"RIGHT","[2]",168,168
366,107,12,"2016-12-01 03:41:27.987836","",0,False,False,0,"","UNKNOWN","[16, 3]",168,168
367,108,1,"2016-12-01 04:01:10.430320","",0,False,False,0,"","UNKNOWN","[11, 13, 12, 1, 14, 15]",169,169
421,118,26,"2016-12-19 14:08:51.536237","2016-12-19 14:09:55.168514",64,True,False,1,11,"RIGHT","[16, 2, 3]",188,188
368,109,1,"2016-12-01 05:27:17.815263","2016-12-01 05:27:46.012343",28,True,False,1,4,"UNKNOWN","[11, 13, 12, 1, 14, 15]",170,170
369,110,1,"2016-12-02 13:14:24.952830","",0,False,False,0,"","UNKNOWN","[11, 13, 12, 1, 14, 15]",171,171
411,117,1,"2016-12-16 07:16:45.076237","2016-12-16 07:18:33.021402",107,True,False,1,4,"EASY","[11, 13, 12, 1, 14, 15]",186,186
387,76,44,"2016-12-04 14:25:56.491351","2016-12-04 15:25:10.378207",3,False,True,1,7,"VERY_DIFFICULT","[10]",175,175
371,76,37,"2016-12-04 13:26:37.723944","2016-12-04 13:32:54.066219",326,True,False,3,15,"RIGHT","[]",173,173
388,76,43,"2016-12-04 15:25:10.834950","2016-12-04 15:25:15.089917",4,False,True,0,"","VERY_DIFFICULT","[9, 10]",175,175
372,76,11,"2016-12-04 13:32:59.172251","2016-12-04 13:33:52.140073",53,True,False,1,7,"EASY","[]",173,173
373,76,19,"2016-12-04 13:33:55.237135","2016-12-04 13:34:46.160576",51,True,False,1,4,"EASY","[]",173,173
389,76,30,"2016-12-04 15:25:15.440091","2016-12-04 15:25:19.434068",4,False,True,0,"","VERY_DIFFICULT","[9]",175,175
374,76,20,"2016-12-04 13:35:08.648835","2016-12-04 13:35:52.810411",44,True,False,1,8,"EASY","[]",173,173
445,121,24,"2017-01-02 15:28:52.268855","2017-01-02 15:29:51.900301",60,True,False,1,7,"EASY","[6]",195,195
375,76,42,"2016-12-04 13:35:56.186383","2016-12-04 13:36:56.114674",60,True,False,1,7,"EASY","[]",173,173
390,76,18,"2016-12-04 15:25:19.750552","2016-12-04 15:25:22.720022",3,False,True,0,"","VERY_DIFFICULT","[]",175,175
412,117,56,"2016-12-16 07:18:39.126439","2016-12-16 07:18:53.357874",13,True,False,1,3,"EASY","[]",186,186
391,76,50,"2016-12-04 15:25:23.085038","2016-12-04 15:25:27.404993",4,False,True,0,"","VERY_DIFFICULT","[]",175,175
376,76,39,"2016-12-04 13:36:59.791002","2016-12-04 13:39:51.893069",172,True,False,4,7,"EASY","[]",173,173
377,76,26,"2016-12-04 13:39:55.370300","2016-12-04 13:41:31.394204",96,True,False,2,11,"EASY","[]",173,173
435,120,24,"2016-12-24 06:59:24.212747","2016-12-24 07:00:16.730631",53,True,False,1,7,"EASY","[6]",192,192
392,76,14,"2016-12-06 06:18:08.667661","2016-12-06 06:19:25.322195",76,True,False,1,7,"EASY","[]",176,176
378,76,12,"2016-12-04 13:57:22.939435","2016-12-04 13:58:22.789094",51,True,False,1,8,"EASY","[]",174,174
422,118,20,"2016-12-19 14:09:56.910563","2016-12-19 14:10:33.674908",37,True,False,1,8,"RIGHT","[]",188,188
379,76,53,"2016-12-04 13:58:26.650470","2016-12-04 13:59:11.724697",45,True,False,1,9,"EASY","[]",174,174
393,76,43,"2016-12-06 06:19:30.027381","2016-12-06 06:24:13.701538",283,False,True,0,"","VERY_DIFFICULT","[9, 10]",176,176
394,76,46,"2016-12-06 06:24:14.003103","",0,False,False,0,"","UNKNOWN","[]",176,176
395,76,24,"2016-12-07 09:42:46.341896","",0,False,False,0,"","UNKNOWN","[]",177,177
396,112,1,"2016-12-07 14:29:18.745590","",0,False,False,0,"","UNKNOWN","[11, 13, 12, 1, 14, 15]",178,178
397,76,44,"2016-12-09 15:49:51.436384","",0,False,False,0,"","UNKNOWN","[10]",179,179
398,113,56,"2016-12-13 03:09:10.196898","",0,False,False,0,"","UNKNOWN","[11, 13, 12, 1, 14, 15]",180,180
399,76,45,"2016-12-13 08:47:26.822340","",0,False,False,0,"","UNKNOWN","[]",181,181
400,114,56,"2016-12-13 16:47:20.646424","",0,False,False,0,"","UNKNOWN","[11, 13, 12, 1, 14, 15]",182,182
401,115,1,"2016-12-15 11:39:22.999444","",0,False,False,0,"","UNKNOWN","[11, 13, 12, 1, 14, 15]",183,183
380,76,35,"2016-12-04 13:59:17.013531","2016-12-04 14:13:02.196866",825,True,False,9,20,"DIFFICULT","[17, 7, 8]",174,174
413,117,25,"2016-12-16 07:18:56.077016","2016-12-16 07:20:06.880653",70,True,False,1,7,"EASY","[16, 2, 3]",186,186
402,116,56,"2016-12-16 06:18:37.975388","2016-12-16 06:19:13.794769",34,True,False,1,3,"EASY","[11, 13, 12, 1, 14, 15]",184,184
381,76,51,"2016-12-04 14:13:06.855192","2016-12-04 14:15:16.871793",130,True,False,2,8,"RIGHT","[]",174,174
423,118,12,"2016-12-19 14:10:35.607226","",0,False,False,0,"","UNKNOWN","[]",188,188
382,76,34,"2016-12-04 14:15:20.133614","2016-12-04 14:17:43.261860",143,True,False,2,12,"RIGHT","[]",174,174
403,116,2,"2016-12-16 06:19:19.150877","2016-12-16 06:20:12.146635",52,True,False,1,7,"EASY","[2]",184,184
383,76,45,"2016-12-04 14:17:48.522549","2016-12-04 14:20:37.769879",169,True,False,1,21,"RIGHT","[]",174,174
414,117,16,"2016-12-16 07:20:10.831931","2016-12-16 07:20:47.600431",35,True,False,1,7,"EASY","[]",186,186
384,76,46,"2016-12-04 14:20:46.236289","2016-12-04 14:24:12.165078",206,True,False,1,10,"RIGHT","[]",174,174
404,116,26,"2016-12-16 06:20:14.236714","2016-12-16 06:22:05.302992",111,True,False,1,11,"EASY","[16, 3]",184,184
385,76,15,"2016-12-04 14:24:20.143387","2016-12-04 14:25:06.150410",45,True,False,1,8,"EASY","[]",175,175
431,120,3,"2016-12-24 06:57:15.532985","2016-12-24 06:57:31.131224",16,True,False,1,6,"EASY","[2]",192,192
386,76,31,"2016-12-04 14:25:08.564575","2016-12-04 14:25:48.193098",39,True,False,1,7,"EASY","[]",175,175
405,116,20,"2016-12-16 06:22:16.662771","2016-12-16 06:22:55.302139",39,True,False,1,8,"EASY","[]",184,184
415,117,12,"2016-12-16 07:20:49.921286","2016-12-16 07:21:34.777235",44,True,False,1,8,"EASY","[]",186,186
406,116,23,"2016-12-16 06:22:56.838267","2016-12-16 06:23:38.859136",42,True,False,1,6,"EASY","[]",184,184
424,119,56,"2016-12-21 06:40:33.415654","2016-12-21 06:41:37.117072",32,True,False,1,3,"RIGHT","[11, 13, 12, 1, 14, 15]",189,189
416,117,42,"2016-12-16 07:22:00.766037","2016-12-16 07:26:07.610302",246,True,False,1,7,"RIGHT","[18, 19, 4, 5]",186,186
407,116,42,"2016-12-16 06:23:42.961233","2016-12-16 06:27:10.344651",208,True,False,2,7,"RIGHT","[18, 19, 4, 5]",184,184
408,116,24,"2016-12-16 06:27:21.648412","",0,False,False,0,"","UNKNOWN","[6]",184,184
409,113,56,"2016-12-16 06:29:16.986178","2016-12-16 06:29:30.666672",14,True,False,1,3,"EASY","[11, 13, 12, 1, 14, 15]",185,185
410,113,10,"2016-12-16 06:29:35.429373","",0,False,False,0,"","UNKNOWN","[2]",185,185
443,121,27,"2017-01-02 15:27:20.988786","2017-01-02 15:28:01.066737",40,True,False,1,8,"EASY","[4, 5]",195,195
432,120,16,"2016-12-24 06:57:38.797805","2016-12-24 06:58:13.224496",34,True,False,1,7,"EASY","[16, 3]",192,192
417,117,18,"2016-12-16 07:26:15.688370","2016-12-16 07:27:01.384041",44,True,False,1,4,"EASY","[]",186,186
418,117,27,"2016-12-16 07:27:16.986095","",0,False,False,0,"","UNKNOWN","[]",187,187
425,119,2,"2016-12-21 06:41:41.021943","2016-12-21 06:42:35.593326",55,True,False,2,7,"DIFFICULT","[2]",189,189
419,118,56,"2016-12-19 14:07:23.656500","2016-12-19 14:08:17.144298",46,True,False,1,3,"RIGHT","[11, 13, 12, 1, 14, 15]",188,188
440,121,2,"2017-01-02 15:24:29.875430","2017-01-02 15:24:51.166941",21,True,False,1,7,"EASY","[2]",195,195
420,118,1,"2016-12-19 14:08:37.901892","2016-12-19 14:08:49.521396",11,True,False,1,4,"RIGHT","[]",188,188
426,119,18,"2016-12-21 06:42:38.031456","2016-12-21 06:43:08.560093",31,True,False,1,4,"RIGHT","[16, 3]",189,189
436,120,1,"2016-12-24 07:00:21.002595","2016-12-24 07:00:56.308972",35,True,False,1,4,"EASY","[]",192,192
427,119,25,"2016-12-21 06:43:10.513941","",0,False,False,0,"","UNKNOWN","[]",189,189
428,120,56,"2016-12-22 03:06:34.315616","",0,False,False,0,"","UNKNOWN","[11, 13, 12, 1, 14, 15]",190,190
429,120,56,"2016-12-23 13:42:42.147933","",0,False,False,0,"","UNKNOWN","[11, 13, 12, 1, 14, 15]",191,191
433,120,53,"2016-12-24 06:58:21.037103","2016-12-24 06:58:44.760386",24,True,False,1,9,"EASY","[4, 5]",192,192
430,120,56,"2016-12-24 06:56:49.968131","2016-12-24 06:57:10.355688",18,True,False,1,3,"EASY","[11, 13, 12, 1, 14, 15]",192,192
437,115,1,"2016-12-26 09:02:15.437456","",0,False,False,0,"","UNKNOWN","[11, 13, 12, 1, 14, 15]",193,193
438,118,54,"2016-12-28 14:06:33.391081","",0,False,False,0,"","UNKNOWN","[19, 4, 5]",194,194
434,120,11,"2016-12-24 06:58:49.190339","2016-12-24 06:59:13.362545",24,True,False,1,7,"EASY","[]",192,192
442,121,26,"2017-01-02 15:25:38.896829","2017-01-02 15:27:08.798596",90,True,False,2,11,"EASY","[]",195,195
439,121,1,"2017-01-02 15:23:54.524890","2017-01-02 15:24:25.180969",30,True,False,1,4,"EASY","[11, 13, 12, 1, 14, 15]",195,195
441,121,20,"2017-01-02 15:24:56.134345","2017-01-02 15:25:33.318178",37,True,False,1,8,"EASY","[16, 3]",195,195
444,121,19,"2017-01-02 15:28:04.044071","2017-01-02 15:28:39.599542",36,True,False,1,4,"EASY","[]",195,195
446,121,55,"2017-01-02 15:30:07.934249","",0,False,False,0,"","UNKNOWN","[]",196,196
449,122,2,"2017-01-16 13:26:09.461592","",0,False,False,0,"","UNKNOWN","[2]",198,198
447,122,1,"2017-01-09 10:50:10.501239","2017-01-09 10:50:35.725415",24,True,False,2,4,"RIGHT","[11, 13, 12, 1, 14, 15]",197,197
448,122,3,"2017-01-09 10:50:38.879485","",0,False,False,0,"","UNKNOWN","[2]",197,197
450,123,56,"2017-01-25 13:50:16.416299","",0,False,False,0,"","UNKNOWN","[11, 13, 12, 1, 14, 15]",199,199
451,124,56,"2017-01-26 03:28:15.194503","",0,False,False,0,"","UNKNOWN","[11, 13, 12, 1, 14, 15]",200,200
452,125,1,"2017-01-27 05:02:57.004990","",0,False,False,0,"","UNKNOWN","[11, 13, 12, 1, 14, 15]",201,201
453,126,1,"2017-01-27 08:07:27.176003","2017-01-27 08:08:10.757571",44,True,False,1,4,"EASY","[11, 13, 12, 1, 14, 15]",202,202
454,126,56,"2017-01-27 08:08:15.267150","2017-01-27 08:08:52.853059",37,True,False,1,3,"EASY","[]",202,202
455,126,3,"2017-01-27 08:08:55.150503","2017-01-27 08:09:18.454238",23,True,False,1,6,"EASY","[2]",202,202
456,126,2,"2017-01-27 08:09:22.175003","",0,False,False,0,"","UNKNOWN","[]",202,202
490,128,15,"2017-01-30 14:41:53.420355","2017-01-30 14:42:29.110417",29,True,False,1,7,"EASY","[]",208,208
457,127,1,"2017-01-29 13:09:17.619456","2017-01-29 13:13:42.799707",264,True,False,1,4,"EASY","[11, 13, 12, 1, 14, 15]",203,203
476,128,27,"2017-01-30 08:39:11.034186","2017-01-30 08:40:33.491669",77,True,False,1,8,"EASY","[]",205,205
477,129,1,"2017-01-30 09:46:37.489810","",0,False,False,0,"","UNKNOWN","[11, 13, 12, 1, 14, 15]",206,206
458,127,2,"2017-01-29 13:13:49.351231","2017-01-29 13:14:23.661961",34,True,False,1,7,"EASY","[2]",203,203
459,127,18,"2017-01-29 13:14:26.341332","2017-01-29 13:15:17.053340",51,True,False,1,4,"EASY","[16, 3]",203,203
519,137,26,"2017-02-18 05:34:28.005090","",0,False,False,0,"","UNKNOWN","[16, 3]",220,220
478,128,31,"2017-01-30 14:01:30.733194","2017-01-30 14:03:15.093388",91,True,False,1,7,"EASY","[8]",207,207
460,127,12,"2017-01-29 13:15:20.176304","2017-01-29 13:16:56.550242",68,True,False,1,8,"EASY","[]",203,203
501,128,36,"2017-01-30 16:22:41.951988","2017-01-30 16:24:18.720358",93,True,False,1,9,"EASY","[]",210,210
461,127,42,"2017-01-29 13:17:02.274373","2017-01-29 13:21:26.478861",264,True,False,1,7,"RIGHT","[18, 19, 4, 5]",203,203
462,127,27,"2017-01-29 13:21:33.935707","",0,False,False,0,"","UNKNOWN","[]",203,203
479,128,24,"2017-01-30 14:03:23.651069","2017-01-30 14:16:06.971245",757,True,False,1,7,"EASY","[]",207,207
491,128,46,"2017-01-30 14:42:32.859783","2017-01-30 14:44:21.507505",107,True,False,2,10,"EASY","[]",208,208
463,128,56,"2017-01-30 05:50:18.052900","2017-01-30 05:50:50.512428",30,True,False,2,3,"EASY","[11, 13, 12, 1, 14, 15]",204,204
480,128,28,"2017-01-30 14:16:13.329372","2017-01-30 14:18:13.924362",119,True,False,2,7,"EASY","[]",207,207
464,128,3,"2017-01-30 05:51:00.188111","2017-01-30 05:51:38.231994",37,True,False,2,6,"EASY","[2]",204,204
514,76,45,"2017-02-17 09:10:30.339310","2017-02-17 09:24:41.045591",773,True,False,6,21,"DIFFICULT","[]",218,218
465,128,12,"2017-01-30 05:51:45.948444","2017-01-30 05:52:20.686669",34,True,False,1,8,"EASY","[16, 3]",204,204
502,128,33,"2017-01-30 16:24:22.111674","2017-01-31 05:37:17.508808",47570,True,False,1,13,"EASY","[]",210,210
492,128,43,"2017-01-30 14:45:18.437997","2017-01-30 14:49:12.523441",116,True,False,2,12,"EASY","[9]",209,209
466,128,2,"2017-01-30 05:52:23.695739","2017-01-30 05:52:46.586408",22,True,False,1,7,"EASY","[]",204,204
481,128,50,"2017-01-30 14:18:17.057418","2017-01-30 14:20:02.398652",101,True,False,2,15,"EASY","[18]",207,207
467,128,18,"2017-01-30 05:52:48.658021","2017-01-30 05:53:04.302234",15,True,False,1,4,"EASY","[]",204,204
482,128,51,"2017-01-30 14:20:14.142426","2017-01-30 14:20:59.751186",41,True,False,1,8,"EASY","[]",207,207
468,128,42,"2017-01-30 05:53:06.928048","2017-01-30 05:55:25.946675",138,False,True,4,7,"VERY_DIFFICULT","[18, 19, 4, 5]",204,204
493,128,38,"2017-01-30 14:49:15.112721","2017-01-30 14:50:42.141804",86,True,False,1,14,"EASY","[]",209,209
483,128,47,"2017-01-30 14:21:09.951716","2017-01-30 14:22:50.549861",98,True,False,1,12,"EASY","[]",207,207
469,128,54,"2017-01-30 05:55:26.301972","2017-01-30 05:58:19.298278",172,True,False,1,15,"EASY","[19, 4, 5]",204,204
470,128,14,"2017-01-30 05:58:31.840495","2017-01-30 06:05:04.546366",390,True,False,1,7,"EASY","[6]",205,205
494,128,51,"2017-01-30 14:50:44.438719","2017-01-30 14:51:25.143892",39,True,False,1,8,"EASY","[]",209,209
471,128,53,"2017-01-30 06:05:07.115728","2017-01-30 07:05:08.231915",3433,True,False,1,9,"RIGHT","[]",205,205
503,128,39,"2017-01-31 05:37:31.929394","2017-01-31 05:38:51.235852",74,True,False,1,7,"EASY","[]",211,211
472,128,55,"2017-01-30 07:05:15.653490","2017-01-30 07:05:59.493253",39,True,False,1,7,"EASY","[]",205,205
495,128,16,"2017-01-30 14:51:27.052313","2017-01-30 14:51:55.804377",28,True,False,1,7,"EASY","[]",209,209
473,128,24,"2017-01-30 07:06:01.677677","2017-01-30 07:06:51.177730",48,True,False,1,7,"EASY","[]",205,205
484,128,45,"2017-01-30 14:23:00.484446","2017-01-30 14:29:32.544243",387,True,False,7,19,"RIGHT","[]",207,207
523,76,40,"2017-02-18 09:50:26.215030","2017-02-18 09:56:46.485858",380,True,False,2,10,"RIGHT","[]",221,221
474,128,41,"2017-01-30 07:06:54.695983","2017-01-30 07:18:58.152634",721,True,False,4,12,"EASY","[17, 7]",205,205
485,128,25,"2017-01-30 14:33:08.000020","2017-01-30 14:38:12.391011",301,True,False,1,7,"EASY","[]",208,208
475,128,19,"2017-01-30 08:38:08.136873","2017-01-30 08:39:06.840225",54,True,False,1,4,"EASY","[]",205,205
504,128,26,"2017-01-31 05:38:55.312830","2017-01-31 05:39:56.862791",57,True,False,1,11,"EASY","[]",211,211
486,128,56,"2017-01-30 14:38:18.413855","2017-01-30 14:38:40.688355",20,True,False,1,3,"EASY","[]",208,208
496,128,33,"2017-01-30 14:52:03.528905","2017-01-30 14:53:57.862318",114,True,False,2,16,"EASY","[]",209,209
487,128,36,"2017-01-30 14:38:42.539185","2017-01-30 14:40:00.136010",76,True,False,1,9,"EASY","[10]",208,208
488,128,22,"2017-01-30 14:40:04.450808","2017-01-30 14:40:48.210614",37,True,False,1,7,"EASY","[]",208,208
520,76,36,"2017-02-18 09:44:00.239494","2017-02-18 09:46:53.594655",173,True,False,2,9,"RIGHT","[10]",221,221
505,128,43,"2017-01-31 05:39:59.398545","2017-01-31 05:42:28.733482",147,True,False,2,12,"EASY","[]",211,211
489,128,32,"2017-01-30 14:40:51.468525","2017-01-30 14:41:47.474358",53,True,False,1,10,"EASY","[]",208,208
497,128,35,"2017-01-30 14:54:02.024110","2017-01-30 14:58:14.344346",250,True,False,3,20,"EASY","[]",209,209
506,128,32,"2017-01-31 05:42:31.091017","",0,False,False,0,"","UNKNOWN","[]",211,211
507,130,56,"2017-02-02 07:21:24.446775","",0,False,False,0,"","UNKNOWN","[11, 13, 12, 1, 14, 15]",212,212
508,131,56,"2017-02-04 12:00:45.073181","",0,False,False,0,"","UNKNOWN","[11, 13, 12, 1, 14, 15]",213,213
509,132,56,"2017-02-10 08:19:45.032384","",0,False,False,0,"","UNKNOWN","[11, 13, 12, 1, 14, 15]",214,214
498,128,44,"2017-01-30 14:58:21.008549","2017-01-30 15:00:19.622025",110,True,False,2,9,"EASY","[]",209,209
510,133,56,"2017-02-13 05:45:17.295052","2017-02-13 05:46:16.154117",3,False,False,1,1,"UNKNOWN","[11, 13, 12, 1, 14, 15]",215,215
499,128,11,"2017-01-30 15:17:31.947319","2017-01-30 15:18:14.684909",37,True,False,1,7,"EASY","[]",210,210
500,128,41,"2017-01-30 15:18:19.618615","2017-01-30 15:34:51.109226",987,True,False,2,12,"EASY","[]",210,210
524,76,39,"2017-02-18 09:56:51.860033","2017-02-18 09:58:29.345037",97,True,False,1,7,"EASY","[]",221,221
535,133,56,"2017-02-20 08:36:16.600437","",0,False,False,0,"","UNKNOWN","[11, 13, 12, 1, 14, 15]",226,226
521,76,12,"2017-02-18 09:46:56.927106","2017-02-18 09:47:37.352317",40,True,False,1,8,"EASY","[]",221,221
515,76,30,"2017-02-17 09:24:48.525685","2017-02-17 09:34:35.025074",371,False,False,8,10,"UNKNOWN","[9]",218,218
516,136,1,"2017-02-17 15:00:30.342139","",0,False,False,0,"","UNKNOWN","[11, 13, 12, 1, 14, 15]",219,219
536,76,37,"2017-02-20 10:04:25.455169","",0,False,False,0,"","UNKNOWN","[]",227,227
517,137,1,"2017-02-18 05:33:04.532979","2017-02-18 05:33:28.783853",24,True,False,1,4,"EASY","[11, 13, 12, 1, 14, 15]","",""
529,76,43,"2017-02-19 15:15:25.794016","2017-02-19 15:17:42.845273",137,False,False,2,11,"UNKNOWN","[9]",222,222
522,76,24,"2017-02-18 09:47:39.656695","2017-02-18 09:50:20.699859",161,True,False,2,7,"RIGHT","[]",221,221
518,137,2,"2017-02-18 05:33:33.507339","2017-02-18 05:34:22.662428",37,True,False,2,8,"EASY","[2]",220,220
530,138,1,"2017-02-20 05:01:25.553362","",0,False,False,0,"","UNKNOWN","[11, 13, 12, 1, 14, 15]",223,223
525,76,44,"2017-02-18 09:58:31.909225","2017-02-18 10:01:49.446831",197,True,False,2,9,"RIGHT","[]",221,221
527,76,50,"2017-02-19 15:06:18.295445","2017-02-19 15:13:04.502591",405,True,False,3,15,"RIGHT","[]",222,222
526,76,33,"2017-02-18 10:01:52.905194","2017-02-18 10:03:21.857569",89,True,False,1,11,"EASY","[]",221,221
528,76,54,"2017-02-19 15:13:09.354063","2017-02-19 15:15:23.659078",133,True,False,1,15,"EASY","[]",222,222
537,139,1,"2017-02-20 14:48:10.655375","2017-02-20 14:48:52.529200",42,True,False,2,4,"EASY","[11, 13, 12, 1, 14, 15]","",""
533,44,45,"2017-02-20 07:18:15.462631","",0,False,False,0,"","UNKNOWN","[]",225,225
534,44,53,"2017-02-20 07:19:08.322931","",0,False,False,0,"","UNKNOWN","[]","",""
538,139,3,"2017-02-20 14:48:59.022645","2017-02-20 14:49:31.472409",32,True,False,2,6,"EASY","[2]",228,228
540,139,23,"2017-02-20 14:50:36.720012","",0,False,False,0,"","UNKNOWN","[]",228,228
539,139,12,"2017-02-20 14:49:37.261437","2017-02-20 14:50:33.878017",57,True,False,2,8,"EASY","[16, 3]",228,228
541,76,53,"2017-02-21 07:58:44.297509","2017-02-21 07:59:25.914374",41,True,False,1,9,"EASY","[]",229,229
543,139,1,"2017-02-21 08:34:57.031838","2017-02-21 08:35:46.912196",50,True,False,2,4,"EASY","[]","",""
544,139,20,"2017-02-21 08:35:52.774473","2017-02-21 08:38:11.521862",139,True,False,3,8,"RIGHT","[]",230,230
545,139,19,"2017-02-21 08:38:22.810518","2017-02-21 08:39:51.192355",88,True,False,1,4,"EASY","[4, 5]",230,230
546,139,11,"2017-02-21 08:39:59.149106","2017-02-21 08:44:50.387633",291,True,False,6,7,"RIGHT","[]",230,230
542,76,54,"2017-02-21 07:59:30.161760","2017-02-21 09:57:44.097456",7094,True,False,1,15,"EASY","[]",229,229
547,139,42,"2017-02-21 08:44:54.190008","2017-02-21 08:45:25.539938",31,False,True,0,"","VERY_DIFFICULT","[18, 19]",230,230
549,139,6,"2017-02-21 08:45:42.672102","",0,False,False,0,"","UNKNOWN","[]","",""
550,139,1,"2017-02-21 08:47:36.341907","2017-02-21 08:47:49.698028",14,True,False,1,4,"EASY","[]","",""
572,144,11,"2017-03-06 16:26:23.081345","2017-03-06 16:46:21.426098",176,True,False,10,7,"RIGHT","[]",239,239
551,139,1,"2017-02-21 08:51:20.631681","2017-02-21 08:51:32.404282",12,True,False,1,4,"RIGHT","[]","",""
548,139,16,"2017-02-21 08:45:25.872410","2017-02-21 08:53:52.413760",121,False,False,3,7,"UNKNOWN","[]",230,230
552,139,1,"2017-02-21 08:55:25.355354","2017-02-21 08:55:34.254386",9,True,False,1,4,"DIFFICULT","[]","",""
573,144,18,"2017-03-06 16:46:46.412336","2017-03-06 16:47:26.167726",40,True,False,2,4,"EASY","[]",239,239
553,139,1,"2017-02-21 08:55:43.356067","2017-02-21 08:55:54.915613",12,True,False,1,4,"EASY","[]","",""
554,139,1,"2017-02-21 08:55:59.969765","2017-02-21 08:56:08.556970",9,True,False,1,4,"EASY","[]","",""
555,139,1,"2017-02-21 08:56:14.018280","2017-02-21 08:56:24.157469",11,True,False,1,4,"EASY","[]","",""
556,76,19,"2017-02-21 09:57:46.831444","2017-02-21 09:58:05.255339",18,True,False,1,4,"EASY","[]",229,229
557,76,28,"2017-02-21 09:58:07.170739","2017-02-21 09:59:19.157566",72,True,False,2,7,"EASY","[]",229,229
574,144,16,"2017-03-06 16:47:30.227307","2017-03-06 16:50:48.489999",198,False,True,4,5,"VERY_DIFFICULT","[]",239,239
575,144,53,"2017-03-06 16:50:49.044496","",0,False,False,0,"","UNKNOWN","[4, 5]",239,239
558,76,14,"2017-02-21 09:59:25.704411","2017-02-21 10:02:13.120713",167,True,False,3,7,"RIGHT","[]",229,229
559,76,39,"2017-02-21 10:02:15.863874","2017-02-21 10:03:25.138274",69,True,False,1,7,"EASY","[]",229,229
560,76,24,"2017-02-21 10:03:26.956634","2017-02-21 10:04:03.689651",37,True,False,1,7,"EASY","[]",229,229
561,140,1,"2017-02-21 13:20:44.974851","",0,False,False,0,"","UNKNOWN","[11, 13, 12, 1, 14, 15]",231,231
562,44,35,"2017-02-23 06:27:47.892162","",0,False,False,0,"","UNKNOWN","[]",232,232
563,138,56,"2017-02-27 03:30:04.812478","",0,False,False,0,"","UNKNOWN","[11, 13, 12, 1, 14, 15]",233,233
564,76,31,"2017-03-01 03:27:03.197855","",0,False,False,0,"","UNKNOWN","[]",234,234
565,141,56,"2017-03-01 05:50:56.724615","",0,False,False,0,"","UNKNOWN","[11, 13, 12, 1, 14, 15]",235,235
566,142,56,"2017-03-02 03:27:35.707512","2017-03-02 03:28:06.667764",30,True,False,2,3,"UNKNOWN","[11, 13, 12, 1, 14, 15]",236,236
567,1,2,"2017-03-03 01:25:09.186222","",0,False,False,0,"","UNKNOWN","[2]",237,237
568,143,1,"2017-03-06 16:15:42.156038","",0,False,False,0,"","UNKNOWN","[11, 13, 12, 1, 14, 15]",238,238
569,144,1,"2017-03-06 16:17:31.906641","2017-03-06 16:23:08.458283",113,True,False,2,4,"RIGHT","[11, 13, 12, 1, 14, 15]",239,239
570,144,2,"2017-03-06 16:23:16.042833","2017-03-06 16:24:06.254489",50,True,False,1,7,"EASY","[2]",239,239
571,144,20,"2017-03-06 16:24:11.264147","2017-03-06 16:26:16.803932",125,True,False,2,8,"RIGHT","[16, 3]",239,239
